Smart Tv Images	Smart Tv Names	Smart Tv Prices	Smart Tv Details
https://rukminim1.flixcart.com/image/312/312/l572ufk0/television/e/f/g/32y1-32y1-infinix-original-imagfxczrxjjwxvf.jpeg?q=70	Infinix 80 cm (32 inch) HD Ready LED Smart Linux TV	₹8,999	Prime Video|YoutubeOperating System: LinuxHD Ready 1366 x 768 Pixels20 W Speaker Output60 Hz Refresh Rate3 x HDMI | 2 x USB1 Year Domestic Warranty
https://rukminim1.flixcart.com/image/312/312/l2ghgnk0/television/u/a/c/l32m7-5ain-mi-original-imagdsdwqf6bkmkz.jpeg?q=70	Mi 5A 80 cm (32 inch) HD Ready LED Smart Android TV with Dolby Audio (2022 Model)	₹13,999	Netflix|Prime Video|Disney+Hotstar|YoutubeOperating System: AndroidHD Ready 1366 x 768 Pixels20 W Speaker Output60 Hz Refresh Rate2 x HDMI | 2 x USB1 Year Warranty on Product and 2 Years for Panel
https://rukminim1.flixcart.com/image/312/312/ku4ezrk0/television/a/i/z/l43m6-inc-mi-original-imag7bgpgcrfh2ns.jpeg?q=70	Mi 4C 108 cm (43 inch) Full HD LED Smart Android TV	₹19,999	Netflix|Prime Video|Disney+Hotstar|YoutubeOperating System: AndroidFull HD 1920 x 1080 Pixels20 W Speaker Output60 Hz Refresh Rate3 x HDMI | 3 x USB1 Year Warranty on Product and 2 Years on Panel
https://rukminim1.flixcart.com/image/312/312/kqidx8w0/television/m/1/v/32ha0a00-oneplus-original-imag4gy8yezxdhen.jpeg?q=70	OnePlus Y1 80 cm (32 inch) HD Ready LED Smart Android TV with Dolby Audio	₹13,999	Netflix|Prime Video|Disney+Hotstar|YoutubeOperating System: AndroidHD Ready 1366 x 768 Pixels20 W Speaker Output60 Hz Refresh Rate2 x HDMI | 2 x USBLED1 Year Comprehensive Warranty and Additional 1 Year on Panel Provided By the Manufacturer From Date of Purchase
https://rukminim1.flixcart.com/image/312/312/xif0q/television/v/2/b/-original-imaggjzuhzv6zhby.jpeg?q=70	Vu Premium 108 cm (43 inch) Ultra HD (4K) LED Smart Android TV	₹25,990	Netflix|Prime Video|Disney+Hotstar|YoutubeOperating System: AndroidUltra HD (4K) 3840 x 2160 Pixels30 W Speaker Output60 Hz Refresh Rate3 x HDMI | 2 x USBA+ Grade1 Year Vu Domestic Warranty
https://rukminim1.flixcart.com/image/312/312/kbs9k7k0/television/c/j/3/samsung-ua32t4340akxxl-original-imaft25qdysfsq7k.jpeg?q=70	SAMSUNG 80 cm (32 inch) HD Ready LED Smart Tizen TV	₹15,490	Netflix|Disney+Hotstar|YoutubeOperating System: TizenHD Ready 1366 x 768 Pixels20 W Speaker Output60 Hz Refresh Rate2 x HDMI | 1 x USB1 Year Comprehensive Warranty on Product and 1 Year Additional warranty on Panel
https://rukminim1.flixcart.com/image/312/312/xif0q/television/a/x/j/-original-imaggjuu3grhae7k.jpeg?q=70	Coocaa 80 cm (32 inch) HD Ready LED Smart Coolita TV with Dolby Audio and Eye Care Technology	₹7,999	Prime Video|YoutubeOperating System: CoolitaHD Ready 1366 x768 Pixels20 W Speaker Output60 Hz Refresh Rate2 x HDMI | 1 x USBDLED1 Year Domestic Warranty
https://rukminim1.flixcart.com/image/312/312/l572ufk0/television/k/s/t/43uq7500psf-43uq7500psf-lg-original-imagfxgxtnda6mzn.jpeg?q=70	LG UQ7500 108 cm (43 inch) Ultra HD (4K) LED Smart WebOS TV 2022 Edition	₹30,990	Netflix|Prime Video|Disney+Hotstar|YoutubeOperating System: WebOSUltra HD (4K) 3840 x 2160 Pixels20 W Speaker Output60 Hz Refresh Rate3 x HDMI | 1 x USBLED1 Year LG India Comprehensive Warranty and additional 1 year Warranty is applicable on Panel/Module from the date of purchase.
https://rukminim1.flixcart.com/image/312/312/ksoz53k0/television/c/p/h/l43m6-es-mi-original-imag6774wykv4ps8.jpeg?q=70	Mi 5X 108 cm (43 inch) Ultra HD (4K) LED Smart Android TV with Dolby Atmos and Dolby Vision	₹31,999	Netflix|Prime Video|Disney+Hotstar|YoutubeOperating System: AndroidUltra HD (4K) 3840 x 2160 Pixels30 W Speaker Output60 Hz Refresh Rate3 x HDMI | 2 x USB1 Year Warranty and 2 Years for Panel
https://rukminim1.flixcart.com/image/312/312/l0fm07k0/television/7/x/9/-original-imagc8fnpx39evgc.jpeg?q=70	LG 80 cm (32 inch) HD Ready LED Smart WebOS TV	₹15,490	Netflix|Prime Video|Disney+Hotstar|YoutubeOperating System: WebOSHD Ready 1366 x 768 Pixels10 W Speaker Output50 Hz Refresh Rate2 x HDMI | 1 x USBNA1 Year LG India Comprehensive Warranty and additional 1 year Warranty is applicable on Panel/Module from the date of purchase.
https://rukminim1.flixcart.com/image/312/312/kzfvzww0/television/e/b/b/32hd2a00-32-y1s-oneplus-original-imagbgcewfqywgk7.jpeg?q=70	OnePlus Y1S 80 cm (32 inch) HD Ready LED Smart Android TV with Android 11 and Bezel-Less Frame	₹15,999	Netflix|Prime Video|Disney+Hotstar|YoutubeOperating System: AndroidHD Ready 1366 x 768 Pixels20 W Speaker Output60 Hz Refresh Rate2 x HDMI | 2 x USBLED1 Year Comprehensive Warranty and Additional 1 Year on Panel Provided By the Manufacturer From Date of Purchase
https://rukminim1.flixcart.com/image/312/312/l2ghgnk0/television/b/h/f/l40m7-eain-mi-original-imagdsdw9gkhscmb.jpeg?q=70	Mi 5A 100 cm (40 inch) Full HD LED Smart Android TV with Dolby Audio (2022 Model)	₹21,999	Netflix|Prime Video|Disney+Hotstar|YoutubeOperating System: AndroidFull HD 1920 x 1080 Pixels24 W Speaker Output60 Hz Refresh Rate2 x HDMI | 2 x USB1 Year Warranty on Product and 2 Years for Panel
https://rukminim1.flixcart.com/image/312/312/l4d2ljk0/television/u/p/a/43ga-vu-original-imagfa35vzgn27zg.jpeg?q=70	Vu Premium 108 cm (43 inch) Full HD LED Smart Linux TV	₹19,799	Netflix|YoutubeOperating System: LinuxFull HD 1920 x 1080 Pixels20 W Speaker Output60 Hz Refresh Rate2 x HDMI | 2 x USBA+ Grade High Bright Panel1 Year Domestic Warranty
https://rukminim1.flixcart.com/image/312/312/kzfvzww0/television/g/4/k/43fd2a00-43-y1s-oneplus-original-imagbgc44gerfphz.jpeg?q=70	OnePlus Y1S 108 cm (43 inch) Full HD LED Smart Android TV with Android 11 and Bezel-Less Frame	₹24,999	Netflix|Prime Video|Disney+Hotstar|YoutubeOperating System: AndroidFull HD 1920 x 1080 Pixels20 W Speaker Output60 Hz Refresh Rate2 x HDMI | 2 x USBLED1 Year Comprehensive Warranty and Additional 1 Year on Panel Provided By the Manufacturer From Date of Purchase
https://rukminim1.flixcart.com/image/312/312/kylvr0w0/television/k/l/8/-original-imagasrugg4dygfx.jpeg?q=70	Vu Premium TV 80 cm (32 inch) HD Ready LED Smart Linux TV with Bezel-Less Frame	₹11,699	Netflix|Prime Video|YoutubeOperating System: LinuxHD Ready 1366 x 768 Pixels20 W Speaker Output60 Hz Refresh Rate2 x HDMI | 2 x USBA+ Grade High Bright Panel1 Year Vu Domestic Warranty
https://rukminim1.flixcart.com/image/312/312/kuwzssw0/television/b/1/v/u-series-55-u1s-55uc1a00-oneplus-original-imag7xtnzgaaxqrg.jpeg?q=70	OnePlus U1S 139 cm (55 inch) Ultra HD (4K) LED Smart Android TV with Far field and Dolby Audio	₹42,999	Netflix|Prime Video|Disney+Hotstar|YoutubeOperating System: AndroidUltra HD (4K) 3840 x 2160 Pixels30 W Speaker Output60 Hz Refresh Rate3 x HDMI | 2 x USB1 year warranty on product and 1 year warranty on panel
https://rukminim1.flixcart.com/image/312/312/l2f20sw0/television/k/s/l/l43m7-eain-mi-original-imagdrtndgnrymr9.jpeg?q=70	Mi 5A 108 cm (43 inch) Full HD LED Smart Android TV with Dolby Audio (2022 Model)	₹24,999	Netflix|Prime Video|Disney+Hotstar|YoutubeOperating System: AndroidFull HD 1920 x 1080 Pixels24 W Speaker Output60 Hz Refresh Rate2 x HDMI | 2 x USB1 Year Warranty on Product and 2 Years for Panel
https://rukminim1.flixcart.com/image/312/312/xif0q/television/3/k/y/-original-imaghu25jahgbhej.jpeg?q=70	iFFALCON by TCL 108 cm (43 inch) Ultra HD (4K) LED Smart Android TV	₹20,999	Netflix|Disney+Hotstar|YoutubeOperating System: AndroidUltra HD (4K) 3840 x 2160 Pixels24 W Speaker Output60 Hz Refresh Rate3 x HDMI | 1 x USBA+ Grade UHD 10-bit DLED Panel1 Year Warranty on Product
https://rukminim1.flixcart.com/image/312/312/xif0q/television/k/t/z/-original-imaghu25yn2cxfzk.jpeg?q=70	iFFALCON by TCL 139 cm (55 inch) Ultra HD (4K) LED Smart Android TV	₹32,999	Netflix|Disney+Hotstar|YoutubeOperating System: AndroidUltra HD (4K) 3840 x 2160 Pixels24 W Speaker Output60 Hz Refresh Rate3 x HDMI | 1 x USBA+ Grade UHD 10-bit DLED Panel1 Year Warranty on Product
https://rukminim1.flixcart.com/image/312/312/xif0q/television/v/2/b/-original-imaggjzuhzv6zhby.jpeg?q=70	Vu Premium 126 cm (50 inch) Ultra HD (4K) LED Smart Android TV	₹31,490	Netflix|Prime Video|Disney+Hotstar|YoutubeOperating System: AndroidUltra HD (4K) 3840 x 2160 Pixels30 W Speaker Output60 Hz Refresh Rate3 x HDMI | 2 x USBA+ Grade1 Year Vu Domestic Warranty
https://rukminim1.flixcart.com/image/312/312/l3nco7k0/television/s/q/m/-original-imageq5eptqwxcv8.jpeg?q=70	SAMSUNG Crystal 4K 108 cm (43 inch) Ultra HD (4K) LED Smart Tizen TV	₹31,490	Netflix|Disney+Hotstar|YoutubeOperating System: TizenUltra HD (4K) 3840 x 2160 Pixels20 W Speaker Output60 Hz Refresh Rate3 x HDMI | 1 x USB1 Year Product Warranty and 1 Year Additional on Panel
https://rukminim1.flixcart.com/image/312/312/kzpw2vk0/television/w/y/w/-original-imagbz2cczwh5ync.jpeg?q=70	MarQ by Flipkart Innoview 108 cm (43 inch) Ultra HD (4K) LED Smart Android TV	₹18,999	Netflix|Disney+Hotstar|YoutubeOperating System: AndroidUltra HD (4K) 3840x2160 Pixels20 W Speaker Output60 Hz Refresh Rate4 x HDMI | 3 x USB1 Year Warranty on Product
https://rukminim1.flixcart.com/image/312/312/ku1k4280/television/i/g/b/43uhdadmrs3p-motorola-original-imag78szkrf3za6b.jpeg?q=70	MOTOROLA ZX3 108 cm (43 inch) Ultra HD (4K) LED Smart Android TV with Dolby Atmos and Dolby Vision	₹24,999	Netflix|Prime Video|Disney+Hotstar|YoutubeOperating System: AndroidUltra HD (4K) 3840×2160 Pixels44 W Speaker Output60 Hz Refresh Rate3 x HDMI | 2 x USB1 Year Warranty on Product
https://rukminim1.flixcart.com/image/312/312/l47cu4w0/television/9/0/f/-original-imagf5qummst7t94.jpeg?q=70	SAMSUNG Crystal 4K Neo Series 108 cm (43 inch) Ultra HD (4K) LED Smart Tizen TV with (Black) (2022 Mod...	₹33,490	Netflix|Prime Video|Disney+Hotstar|YoutubeOperating System: TizenUltra HD (4K) Crystal 4K FE UHD (3840 x 2160) Pixels20 W Speaker Output50 Hz Refresh Rate3 x HDMI | 1 x USB1 Year warranty provided by manufacturer from date of purchase and 1 Year Additional on Panel
https://rukminim1.flixcart.com/image/312/312/kq6yefk0/television/e/p/w/l50m5-5ain-mi-original-imag4969ybwxqwza.jpeg?q=70	Mi 4X 138.8 cm (55 inch) Ultra HD (4K) LED Smart Android Based TV	₹36,999	Netflix|Prime Video|Disney+Hotstar|YoutubeOperating System: Android BasedUltra HD (4K) 3840 x 2160 Pixels20 W Speaker Output60 Hz Refresh Rate3 x HDMI | 2 x USB1 Year on Product and 1 Year Additional for Panel
https://rukminim1.flixcart.com/image/312/312/kq6yefk0/television/v/z/2/l40m5-5ain-mi-original-imag4968yrvft7qd.jpeg?q=70	Mi 4A 100 cm (40 inch) Full HD LED Smart Android TV	₹19,999	Netflix|Prime Video|Disney+Hotstar|YoutubeOperating System: AndroidFull HD 1920 x 1080 Pixels20 W Speaker Output60 Hz Refresh Rate3 x HDMI | 2 x USB1 Year on TV, 2 years on Panel, 6 Months on Accessories
https://rukminim1.flixcart.com/image/312/312/xif0q/television/f/y/4/-original-imaggzfc4a6zwdtk.jpeg?q=70	acer i series 109 cm (43 inch) Ultra HD (4K) LED Smart Android TV with Android 11 (2022 Model)	₹24,999	Netflix|Prime Video|Disney+Hotstar|YoutubeOperating System: AndroidUltra HD (4K) 3840 x 2160 Pixels30 W Speaker Output60 Hz Refresh Rate3 x HDMI | 2 x USBA+2 Years Warranty
https://rukminim1.flixcart.com/image/312/312/kph8h3k0/television/k/9/h/40y1-40fa1a00-oneplus-original-imag3p45tdgyvpqa.jpeg?q=70	OnePlus Y1 100 cm (40 inch) Full HD LED Smart Android TV with Dolby Audio	₹21,999	Netflix|Prime Video|Disney+Hotstar|YoutubeOperating System: AndroidFull HD 1920 x 1080 Pixels20 W Speaker Output60 Hz Refresh Rate2 x HDMI | 2 x USBLED1 Year Warranty on Product and 1 Year Additional Warranty for Panel
https://rukminim1.flixcart.com/image/312/312/l3xcr680/television/k/e/t/-original-imagexnsy2gru4q9.jpeg?q=70	Nokia 80 cm (32 inch) HD Ready LED Smart Android TV	₹12,499	Netflix|Prime Video|Disney+Hotstar|YoutubeOperating System: AndroidHD Ready 1366 x 768 Pixels24 W Speaker Output60 Hz Refresh Rate3 x HDMI | 2 x USBVA Type Panel1 Year Warranty on Product
https://rukminim1.flixcart.com/image/312/312/xif0q/television/q/r/v/-original-imaghu25f3gtcfdj.jpeg?q=70	iFFALCON by TCL F52 79.97 cm (32 inch) HD Ready LED Smart Android TV	₹7,999	Netflix|Disney+Hotstar|YoutubeOperating System: AndroidHD Ready 1366 x 768 Pixels16 W Speaker Output60 Hz Refresh Rate2 x HDMI | 1 x USBA+ Grade1 Year Warranty on Product
https://rukminim1.flixcart.com/image/312/312/l51d30w0/television/1/k/j/-original-imagfsyu8nrz5gzg.jpeg?q=70	Thomson Alpha 80 cm (32 inch) HD Ready LED Smart Linux TV with 30 W Sound Output & Bezel-Less Design	₹9,999	Prime Video|YoutubeOperating System: LinuxHD Ready 1366 x 768 Pixels30 W Speaker Output60 Hz Refresh Rate3 x HDMI | 2 x USBIPS1 Year Warranty on Product and 6 Months on Accessories
https://rukminim1.flixcart.com/image/312/312/xif0q/television/a/n/r/-original-imaghu25trvsxjwv.jpeg?q=70	TCL S5200 79.97 cm (32 inch) HD Ready LED Smart Android TV	₹11,990	Netflix|Prime Video|Disney+Hotstar|YoutubeOperating System: AndroidHD Ready 1366 x 768 Pixels16 rms Speaker Output60 Hz Refresh Rate2 x HDMI | 1 x USBA+ Grade FHD 10-bit DLED Panel2 Year Product Warranty
https://rukminim1.flixcart.com/image/312/312/l3nco7k0/television/d/7/7/-original-imageq5ek3atjgse.jpeg?q=70	SAMSUNG Crystal 4K 138 cm (55 inch) Ultra HD (4K) LED Smart Tizen TV	₹48,990	Netflix|Disney+Hotstar|YoutubeOperating System: TizenUltra HD (4K) 3840 x 2160 Pixels20 W Speaker Output60 Hz Refresh Rate3 x HDMI | 1 x USB1 Year Product Warranty and 1 Year Additional on Panel
https://rukminim1.flixcart.com/image/312/312/xif0q/television/e/g/i/-original-imaghu25xhaxzatw.jpeg?q=70	TCL P725 139 cm (55 inch) Ultra HD (4K) LED Smart Android TV	₹36,990	Netflix|Prime Video|Disney+Hotstar|YoutubeOperating System: AndroidUltra HD (4K) 3840 × 2161 Pixels24 rms Speaker Output60 Hz Refresh Rate3 x HDMI | 2 x USBA+ Grade UHD 10-bit DLED Panel2 Year Product Warranty
https://rukminim1.flixcart.com/image/312/312/kp4difk0/television/y/z/0/l40m6-ei-mi-original-imag3fbyhsdgxxke.jpeg?q=70	Mi 4A Horizon Edition 100 cm (40 inch) Full HD LED Smart Android TV	₹19,999	Netflix|Prime Video|Disney+Hotstar|YoutubeOperating System: AndroidFull HD 1920 x 1080 Pixels20 W Speaker Output60 Hz Refresh Rate3 x HDMI | 2 x USB1 Year Warranty and 2 Years For Panel
https://rukminim1.flixcart.com/image/312/312/xif0q/television/q/b/x/-original-imaggzfckv3cwadg.jpeg?q=70	acer i series 127 cm (50 inch) Ultra HD (4K) LED Smart Android TV with Android 11 (2022 Model)	₹29,999	Netflix|Prime Video|Disney+Hotstar|YoutubeOperating System: AndroidUltra HD (4K) 3840 x 2160 Pixels30 W Speaker Output60 Hz Refresh Rate3 x HDMI | 2 x USBA+2 Years Warranty
https://rukminim1.flixcart.com/image/312/312/kk76wsw0/television/s/u/h/ua32te40fakbxl-samsung-original-imafzhzw3wzyzcgg.jpeg?q=70	SAMSUNG 80 cm (32 inch) HD Ready LED Smart Tizen TV with Voice Search	₹16,990	Netflix|Disney+Hotstar|YoutubeOperating System: TizenHD Ready 1366 x 768 Pixels20 W Speaker Output60 Hz Refresh Rate2 x HDMI | 1 x USB1 Year Comprehensive Warranty on Product and 1 Year Additional warranty on Panel
https://rukminim1.flixcart.com/image/312/312/l12h1u80/television/x/9/f/43uiv-onida-original-imagcpwwuwugu3ga.jpeg?q=70	ONIDA 109 cm (43 inch) Ultra HD (4K) LED Smart VIDAA TV	₹26,999	Netflix|Prime Video|YoutubeOperating System: VIDAAUltra HD (4K) 3840 x 2160 Pixels20 W Speaker Output60 Hz Refresh Rate3 x HDMI | 2 x USB1 Year Warranty on Product From Onida
https://rukminim1.flixcart.com/image/312/312/kq6yefk0/television/e/e/g/rmv2003-realme-original-imag49agdvvhpejg.jpeg?q=70	realme 80 cm (32 inch) Full HD LED Smart Android TV	₹16,499	Netflix|Prime Video|Disney+Hotstar|YoutubeOperating System: AndroidFull HD 1080 x 1920 Pixels24 W Speaker Output60 Hz Refresh Rate3 x HDMI | 2 x USB1 Year Warranty on TV and 2 Years Warranty on the Display Panel
https://rukminim1.flixcart.com/image/312/312/l2krs7k0/television/m/o/g/-original-imagdvsyxk2gnzzn.jpeg?q=70	TCL S65A Series 79.97 cm (32 inch) HD Ready LED Smart Android TV	₹13,990	Netflix|Disney+Hotstar|YoutubeOperating System: AndroidHD Ready 1366 x 768 Pixels20 W Speaker Output60 Hz Refresh Rate2 x HDMI | 1 x USB2 Year Product Warranty
https://rukminim1.flixcart.com/image/312/312/kae95e80/television/r/g/m/realme-tv-43-original-imafrz78gbgx3zz5.jpeg?q=70	realme 108 cm (43 inch) Full HD LED Smart Android TV	₹21,999	Netflix|Prime Video|Disney+Hotstar|YoutubeOperating System: AndroidFull HD 1920 x 1080 Pixels24 W Speaker Output60 Hz Refresh Rate3 x HDMI | 2 x USB1 Year Domestic Warranty, 2 Years on Panel
https://rukminim1.flixcart.com/image/312/312/kikluvk0/television/y/u/r/coocaa-55s6g-original-imafybrnhtaywfyy.jpeg?q=70	Coocaa 138 cm (55 inch) Ultra HD (4K) LED Smart Android TV with Google Assistant, HDR 10 and Dolby Aud...	₹31,999	Netflix|Prime Video|Disney+Hotstar|YoutubeOperating System: AndroidUltra HD (4K) 3840 x 2160 Pixels20 W Speaker Output60 Hz Refresh Rate3 x HDMI | 2 x USB1 Year Domestic Warranty on Product
https://rukminim1.flixcart.com/image/312/312/ked56kw0/television/r/m/a/lg-43lm5650pta-43lm5650pta-original-imafvfq5jpcjzh2m.jpeg?q=70	LG 108 cm (43 inch) Full HD LED Smart WebOS TV	₹28,990	Netflix|Prime Video|Disney+Hotstar|YoutubeOperating System: WebOSFull HD 1920 x 1080 Pixels20 W Speaker Output50 Hz Refresh Rate2 x HDMI | 1 x USBIPS1 Year LG India Comprehensive Warranty and additional 1 year Warranty is applicable on Panel/Module from the date of purchase.
https://rukminim1.flixcart.com/image/312/312/kqidx8w0/television/o/h/9/43fa0a00-oneplus-original-imag4gy9perzvrdv.jpeg?q=70	OnePlus Y1 108 cm (43 inch) Full HD LED Smart Android TV with Dolby Audio	₹22,999	Netflix|Prime Video|Disney+Hotstar|YoutubeOperating System: AndroidFull HD 1920 x 1080 Pixels20 W Speaker Output60 Hz Refresh Rate2 x HDMI | 2 x USBLED1 Year Comprehensive Warranty and Additional 1 Year on Panel Provided By the Manufacturer From Date of Purchase
https://rukminim1.flixcart.com/image/312/312/l4yi7bk0/television/b/p/h/40cs-cellecor-original-imagfqtwjmgsxxbd.jpeg?q=70	Cellecor 100 cm (40 inch) Full HD LED Smart Android TV	₹15,499	Netflix|Prime Video|Disney+Hotstar|YoutubeOperating System: AndroidFull HD 1366 x 768 Pixels20 W Speaker Output60 Hz Refresh Rate2 x HDMI | 2 x USB2 Year Standard Manufacturer Warranty From Cellecor
https://rukminim1.flixcart.com/image/312/312/ku79vgw0/television/e/m/b/55opmax9055-thomson-original-imag7dn5ddmzz4ya.jpeg?q=70	Thomson OATHPRO Max 108 cm (43 inch) Ultra HD (4K) LED Smart Android TV with Dolby MS12 & 40W Speakers	₹26,999	Netflix|Prime Video|Disney+Hotstar|YoutubeOperating System: AndroidUltra HD (4K) 3840 x 2160 Pixels40 W Speaker Output60 Hz Refresh Rate3 x HDMI | 2 x USBIPS+1 Year Warranty on Product and 6 Months on Accessories
https://rukminim1.flixcart.com/image/312/312/l4d2ljk0/television/2/j/h/-original-imagf9thvuxqgbcv.jpeg?q=70	Dyanora 80 cm (32 inch) HD Ready LED Smart Android TV with Noise Reduction, Android 9.0, Powerful Audi...	₹8,159	Netflix|Prime Video|Disney+Hotstar|YoutubeOperating System: AndroidHD Ready 1366 x 768 Pixels20 W Speaker Output60 Hz Refresh Rate2 x HDMI | 2 x USBA+Grade Panel1 Year Manufacturer Warranty From The Date Of Purchase
https://rukminim1.flixcart.com/image/312/312/xif0q/television/h/l/f/l32m7-eain-mi-original-imaggumt5vzrverj.jpeg?q=70	Mi 5A Pro 80 cm (32 inch) HD Ready LED Smart Android TV with 24W Dolby Audio & 1.5GB RAM (2022 Model)	₹16,999	Netflix|Prime Video|Disney+Hotstar|YoutubeOperating System: AndroidHD Ready 1366 x 768 Pixels24 W Speaker Output60 Hz Refresh Rate2 x HDMI | 2 x USB1 Year Product Warranty and 1 Year Additional on Panel
https://rukminim1.flixcart.com/image/312/312/kjym9ow0/television/f/l/1/43path0009-bl-43path0009-bl-thomson-original-imafzf348nshuh3q.jpeg?q=70	Thomson 9A Series 108 cm (43 inch) Full HD LED Smart Android TV with Bezel Less Display	₹20,999	Prime Video|Disney+Hotstar|YoutubeOperating System: AndroidFull HD 1920 x 1080 Pixels40 W Speaker Output60 Hz Refresh Rate3 x HDMI | 2 x USBIPS1 Year Warranty on Product & 6 Months on Accessories
https://rukminim1.flixcart.com/image/312/312/xif0q/television/q/h/c/-original-imaghy5q7wprzggc.jpeg?q=70	KODAK CA PRO 126 cm (50 inch) Ultra HD (4K) LED Smart Android TV with Dolby MS12 & Dolby Digital Plus	₹28,999	Netflix|Prime Video|Disney+Hotstar|YoutubeOperating System: AndroidUltra HD (4K) 3840 x 2160 Pixels40 W Speaker Output60 Hz Refresh Rate3 x HDMI | 2 x USBIPS+1 Year Warranty on Product and 6 Months on Accessories
https://rukminim1.flixcart.com/image/312/312/l41n2q80/television/i/9/h/-original-imagffg3exvzeute.jpeg?q=70	LG 80 cm (32 inch) HD Ready LED Smart WebOS TV with Alpha5 Gen5 AI Processor | (Ceramic Black) (2022 M...	₹18,490	Netflix|Prime Video|Disney+Hotstar|YoutubeOperating System: WebOSHD Ready 1366 x 768 Pixels10 W Speaker Output60 Hz Refresh Rate2 x HDMI | 1 x USBLED1 Year LG India Comprehensive Warranty and additional 1 year Warranty is applicable on Panel/Module from the date of purchase.
https://rukminim1.flixcart.com/image/312/312/l5h2xe80/television/g/c/f/-original-imagg4y9padcecth.jpeg?q=70	MOTOROLA Revou 2 80 cm (32 inch) HD Ready LED Smart Android TV	₹11,999	Netflix|Prime Video|Disney+Hotstar|YoutubeOperating System: AndroidHD Ready 1366 x 768 Pixels24 W Speaker Output60 Hz Refresh Rate3 x HDMI | 2 x USBVA Type Panel1 Year Warranty on Product
https://rukminim1.flixcart.com/image/312/312/kqidx8w0/television/o/h/9/43fa0a00-oneplus-original-imag4gy9perzvrdv.jpeg?q=70	OnePlus Y1 108 cm (43 inch) Full HD LED Smart Android TV with Dolby Audio	₹22,999	Netflix|Prime Video|Disney+Hotstar|YoutubeOperating System: AndroidFull HD 1920 x 1080 Pixels20 W Speaker Output60 Hz Refresh Rate2 x HDMI | 2 x USBLED1 Year Comprehensive Warranty and Additional 1 Year on Panel Provided By the Manufacturer From Date of Purchase
https://rukminim1.flixcart.com/image/312/312/kx9as280/television/t/s/o/-original-imag9rf7tsdxhzzq.jpeg?q=70	SONY Bravia 108 cm (43 inch) Ultra HD (4K) LED Smart Android TV	₹43,990	Netflix|Prime Video|Disney+Hotstar|YoutubeOperating System: AndroidUltra HD (4K) 3840 x 2160 Pixels20 W Speaker Output60 Hz Refresh Rate3 x HDMI | 2 x USB1 Year Manufacturer Warranty
https://rukminim1.flixcart.com/image/312/312/l4d2ljk0/television/2/j/h/-original-imagf9thvuxqgbcv.jpeg?q=70	Dyanora 80 cm (32 inch) HD Ready LED Smart Android TV with Noise Reduction, Android 9.0, Powerful Audi...	₹8,159	Netflix|Prime Video|Disney+Hotstar|YoutubeOperating System: AndroidHD Ready 1366 x 768 Pixels20 W Speaker Output60 Hz Refresh Rate2 x HDMI | 2 x USBA+Grade Panel1 Year Manufacturer Warranty From The Date Of Purchase
https://rukminim1.flixcart.com/image/312/312/kjym9ow0/television/q/o/q/42path2121-42path2121-thomson-original-imafzff3gychx9ub.jpeg?q=70	Thomson 9A Series 106 cm (42 inch) Full HD LED Smart Android TV	₹19,999	Prime Video|Disney+Hotstar|YoutubeOperating System: AndroidFull HD 1920 x 1080 Pixels30 W Speaker Output60 Hz Refresh Rate3 x HDMI | 2 x USBIPS1 Year Warranty on Product & 6 Months on Accessories
https://rukminim1.flixcart.com/image/312/312/xif0q/television/r/p/p/-original-imaghngm28fg8vjw.jpeg?q=70	KODAK 7X Pro 98 cm (40 inch) Full HD LED Smart Android TV	₹16,999	Prime Video|Disney+Hotstar|YoutubeOperating System: AndroidFull HD 1920 x 1080 Pixels24 W Speaker Output60 Hz Refresh Rate3 x HDMI | 2 x USBIPS1 Year Warranty on Product & 6 Months on Accessories
https://rukminim1.flixcart.com/image/312/312/ksoz53k0/television/f/y/6/l55m6-es-mi-original-imag67749wqtwgyp.jpeg?q=70	Mi 5X 138.8 cm (55 inch) Ultra HD (4K) LED Smart Android TV with Dolby Atmos and Dolby Vision	₹46,999	Netflix|Prime Video|Disney+Hotstar|YoutubeOperating System: AndroidUltra HD (4K) 3840 x 2160 Pixels40 W Speaker Output60 Hz Refresh Rate3 x HDMI | 2 x USB1 Year Warranty and 2 Years for Panel
https://rukminim1.flixcart.com/image/312/312/l3bx5e80/television/j/i/9/-original-imageh2q8qbajhcn.jpeg?q=70	SONY Bravia 80 cm (32 inch) HD Ready LED Smart Google TV with Google TV	₹25,990	Netflix|Prime Video|Disney+Hotstar|YoutubeOperating System: Google TVHD Ready 1366 x 768 Pixels20 W Speaker Output60 Hz Refresh Rate3 x HDMI | 2 x USB1 Year Manufacturer Warranty
https://rukminim1.flixcart.com/image/312/312/xif0q/television/i/k/r/-original-imaghu25yyphwrx8.jpeg?q=70	TCL C725 126 cm (50 inch) QLED Ultra HD (4K) Smart Android TV (Black) 2021 Model Works with Video Call...	₹35,990	Netflix|Disney+Hotstar|YoutubeOperating System: AndroidUltra HD (4K) 3840 x 2160 Pixels24 W Speaker Output60 Hz Refresh Rate3 x HDMI | 2 x USBA+ Grade2 Year Product Warranty
https://rukminim1.flixcart.com/image/312/312/l12h1u80/television/9/l/7/-original-imagcppfsdtr8ara.jpeg?q=70	Blaupunkt Cybersound 98 cm (40 Inch) HD Ready LED Smart Android TV with 40W Speaker	₹15,999	Prime Video|Disney+Hotstar|YoutubeOperating System: AndroidHD Ready 1366 x 768 Pixels40 W Speaker Output60 Hz Refresh Rate3 x HDMI | 2 x USBIPS1 Year Warranty on Product and 6 Months on Accessories
https://rukminim1.flixcart.com/image/312/312/xif0q/television/k/x/s/-original-imaghzmvjnsvnhhs.jpeg?q=70	LG UQ8020 108 cm (43 inch) Ultra HD (4K) LED Smart WebOS TV 2022 Edition	₹37,990	Netflix|Prime Video|Disney+Hotstar|YoutubeOperating System: WebOSUltra HD (4K) 3840 x 2160 Pixels20 W Speaker Output60 Hz Refresh Rate3 x HDMI | 2 x USB1 Year LG India Comprehensive Warranty and additional 1 year Warranty is applicable on Panel/Module from the date of purchase.
https://rukminim1.flixcart.com/image/312/312/kuwzssw0/television/u/i/r/u-series-65-u1s-65uc1a00-oneplus-original-imag7xtnmnkyz7je.jpeg?q=70	OnePlus U1S 164 cm (65 inch) Ultra HD (4K) LED Smart Android TV with Far field and Dolby Audio	₹61,999	Netflix|Prime Video|Disney+Hotstar|YoutubeOperating System: AndroidUltra HD (4K) 3840 x 2160 Pixels30 W Speaker Output60 Hz Refresh Rate3 x HDMI | 2 x USB1 year warranty on product and 1 year warranty on panel
https://rukminim1.flixcart.com/image/312/312/l3uhvgw0/television/x/q/x/-original-imageuxkcg2fbdkg.jpeg?q=70	realme 100.3 cm (40 inch) Full HD LED Smart Android TV	₹21,999	Netflix|Prime Video|Disney+Hotstar|YoutubeOperating System: AndroidFull HD 1920 x 1080 Pixels24 W Speaker Output60 Hz Refresh Rate3 x HDMI | 2 x USB1 Year Domestic Warranty on Product and 2 Years on Panel
https://rukminim1.flixcart.com/image/312/312/l3nco7k0/television/t/3/k/-original-imageq5ekyzg27wa.jpeg?q=70	SAMSUNG Crystal 4K Pro 146 cm (58 inch) Ultra HD (4K) LED Smart Tizen TV with Voice Search	₹54,490	Netflix|Disney+Hotstar|YoutubeOperating System: TizenUltra HD (4K) 3840 x 2160 Pixels20 W Speaker Output60 Hz Refresh Rate3 x HDMI | 1 x USB1 Year Product Warranty and 1 Year Additional on Panel
https://rukminim1.flixcart.com/image/312/312/ku79vgw0/television/e/m/b/55opmax9055-thomson-original-imag7dn5ddmzz4ya.jpeg?q=70	Thomson OATHPRO Max 108 cm (43 inch) Ultra HD (4K) LED Smart Android TV with Dolby MS12 & 40W Speakers	₹26,999	Netflix|Prime Video|Disney+Hotstar|YoutubeOperating System: AndroidUltra HD (4K) 3840 x 2160 Pixels40 W Speaker Output60 Hz Refresh Rate3 x HDMI | 2 x USBIPS+1 Year Warranty on Product and 6 Months on Accessories
https://rukminim1.flixcart.com/image/312/312/l0mr7gw0/television/9/k/i/-original-imagccy3vh26rts4.jpeg?q=70	acer Frameless 109 cm (43 inch) Ultra HD (4K) LED Smart Android TV with Dolby Audio	₹23,999	Netflix|Prime Video|Disney+Hotstar|YoutubeOperating System: AndroidUltra HD (4K) 3840 x 2160 Pixels24 W Speaker Output60 Hz Refresh Rate3 x HDMI | 2 x USBVA1 Year Warranty on Product
https://rukminim1.flixcart.com/image/312/312/xif0q/television/h/a/r/-original-imaghgphdj9fsvzt.jpeg?q=70	realme 80 cm (32 inch) HD Ready LED Smart Android TV	₹15,499	Netflix|Prime Video|Disney+Hotstar|YoutubeOperating System: AndroidHD Ready 1366 x 768 Pixels24 W Speaker Output60 Hz Refresh Rate3 x HDMI | 2 x USB1 Year Domestic Warranty, 2 Years on Panel
https://rukminim1.flixcart.com/image/312/312/kikluvk0/television/y/u/r/coocaa-55s6g-original-imafybrnhtaywfyy.jpeg?q=70	Coocaa 138 cm (55 inch) Ultra HD (4K) LED Smart Android TV with Google Assistant, HDR 10 and Dolby Aud...	₹31,999	Netflix|Prime Video|Disney+Hotstar|YoutubeOperating System: AndroidUltra HD (4K) 3840 x 2160 Pixels20 W Speaker Output60 Hz Refresh Rate3 x HDMI | 2 x USB1 Year Domestic Warranty on Product
https://rukminim1.flixcart.com/image/312/312/kj0bp8w0-0/television/z/0/3/40path7777-thomson-original-imafyz3fnzbfaadg.jpeg?q=70	Thomson 9A Series 98 cm (40 inch) Full HD LED Smart Android TV	₹17,999	Prime Video|Disney+Hotstar|YoutubeOperating System: AndroidFull HD 1920 x 1080 Pixels24 W Speaker Output60 Hz Refresh Rate3 x HDMI | 2 x USBA+ Panel1 Year Warranty on Product & 6 Months on Accessories
https://rukminim1.flixcart.com/image/312/312/xif0q/television/e/2/q/-original-imaggz6pq2yegw7s.jpeg?q=70	TOSHIBA M550LP Series 139 cm (55 inch) QLED Ultra HD (4K) Smart Google TV With Bass Woofer and REGZA E...	₹54,990	Netflix|Prime Video|Disney+Hotstar|YoutubeOperating System: Google TVUltra HD (4K) 3840 x 2160 Pixels49 W Speaker Output60 Hz Refresh Rate3 x HDMI | 2 x USBA+ Grade Ultra Vivid Panel2 Years Comprehensive Warranty
https://rukminim1.flixcart.com/image/312/312/ku2zjww0/television/w/c/z/43path4545bl-43path4545bl-thomson-original-imag7a88xjj5y2dv.jpeg?q=70	Thomson 9R PRO 139 cm (55 inch) Ultra HD (4K) LED Smart Android TV	₹33,999	Prime Video|Disney+Hotstar|YoutubeOperating System: AndroidUltra HD (4K) 3840 x 2160 Pixels40 W Speaker Output60 Hz Refresh Rate3 x HDMI | 2 x USBIPS1 Year Warranty on Product and 6 Months on Accessories
https://rukminim1.flixcart.com/image/312/312/ku1k4280/television/i/g/b/43uhdadmrs3p-motorola-original-imag78szkrf3za6b.jpeg?q=70	MOTOROLA ZX3 139 cm (55 inch) Ultra HD (4K) LED Smart Android TV with Dolby Atmos and Dolby Vision	₹34,999	Netflix|Prime Video|Disney+Hotstar|YoutubeOperating System: AndroidUltra HD (4K) 3840×2160 Pixels44 W Speaker Output60 Hz Refresh Rate3 x HDMI | 2 x USB1 Year Warranty on Product
https://rukminim1.flixcart.com/image/312/312/kulk9zk0/television/a/k/g/rmv2101-realme-original-imag7zh4etze62zy.jpeg?q=70	realme NEO 80 cm (32 inch) HD Ready LED Smart Linux TV	₹13,499	YoutubeOperating System: LinuxHD Ready 1366 x 768 Pixels20 W Speaker Output60 Hz Refresh Rate2 x HDMI | 1 x USBDirect LED1 Year Warranty on Product and 2 Years Warranty on the Display Panel
https://rukminim1.flixcart.com/image/312/312/l05lx8w0/television/o/o/a/-original-imagcyevsjpfrg8h.jpeg?q=70	Hisense A6GE 126 cm (50 inch) Ultra HD (4K) LED Smart Android TV with Dolby Vision and Dolby Atmos	₹30,990	Netflix|Prime Video|Disney+Hotstar|YoutubeOperating System: AndroidUltra HD (4K) 3840 x 2160 Pixels30 W Speaker Output60 Hz Refresh Rate3 x HDMI | 2 x USBA+ Grade Ultra Vivid High Contrast Panel2 Years Comprehensive Warranty
https://rukminim1.flixcart.com/image/312/312/ksoz53k0/television/j/n/i/l50m6-es-mi-original-imag6774eyhv77fg.jpeg?q=70	Mi 5X 125.7 cm (50 inch) Ultra HD (4K) LED Smart Android TV with Dolby Atmos and Dolby Vision	₹40,999	Netflix|Prime Video|Disney+Hotstar|YoutubeOperating System: AndroidUltra HD (4K) 3840 x 2160 Pixels40 W Speaker Output60 Hz Refresh Rate3 x HDMI | 2 x USB1 Year Warranty and 2 Years for Panel
https://rukminim1.flixcart.com/image/312/312/kfzq8i80/television/h/r/5/motorola-40safhdme-original-imafwc58fun9ebzp.jpeg?q=70	MOTOROLA ZX2 100 cm (40 inch) Full HD LED Smart Android TV with Dolby Atmos and Dolby Vision	₹21,999	Netflix|Prime Video|Disney+Hotstar|YoutubeOperating System: AndroidFull HD 1920 x 1080 Pixels40 W Speaker Output60 Hz Refresh Rate2 x HDMI | 2 x USBVA Panel1 Year Warranty on Product
https://rukminim1.flixcart.com/image/312/312/ku2zjww0/television/b/n/z/65uhdadmrs7p-motorola-original-imag7a7nenjvfanu.jpeg?q=70	MOTOROLA Revou 164 cm (65 inch) Ultra HD (4K) LED Smart Android TV with Dolby Atmos and Dolby Vision	₹62,999	Netflix|Prime Video|Disney+Hotstar|YoutubeOperating System: AndroidUltra HD (4K) 3840×2160 Pixels50 W Speaker Output60 Hz Refresh Rate3 x HDMI | 2 x USBADS1 Year Warranty on Product
https://rukminim1.flixcart.com/image/312/312/l572ufk0/television/z/h/2/55uq7500psf-55uq7500psf-lg-original-imagfxgxhgup2yeb.jpeg?q=70	LG UQ7500 139 cm (55 inch) Ultra HD (4K) LED Smart WebOS TV 2022 Edition	₹49,490	Netflix|Prime Video|Disney+Hotstar|YoutubeOperating System: WebOSUltra HD (4K) 3840 x 2160 Pixels20 W Speaker Output60 Hz Refresh Rate3 x HDMI | 1 x USBLED1 Year LG India Comprehensive Warranty and additional 1 year Warranty is applicable on Panel/Module from the date of purchase.
https://rukminim1.flixcart.com/image/312/312/kfzq8i80/television/c/s/h/motorola-43sauhdmg-original-imafwc56xph9zduu.jpeg?q=70	MOTOROLA Revou 108 cm (43 inch) Ultra HD (4K) LED Smart Android TV with Dolby Atmos and Dolby Vision	₹24,999	Netflix|Prime Video|Disney+Hotstar|YoutubeOperating System: AndroidUltra HD (4K) 3840 � 2160 Pixels24 W Speaker Output60 Hz Refresh Rate3 x HDMI | 2 x USBADS1 Year Warranty on Product
https://rukminim1.flixcart.com/image/312/312/l3nco7k0/television/1/a/v/-original-imageq5egguwvyyb.jpeg?q=70	SAMSUNG Crystal 4K Pro 125 cm (50 inch) Ultra HD (4K) LED Smart Tizen TV with Voice Search	₹46,990	Netflix|Disney+Hotstar|YoutubeOperating System: TizenUltra HD (4K) 3840 x 2160 Pixels20 W Speaker Output60 Hz Refresh Rate3 x HDMI | 1 x USB1 Year Product Warranty and 1 Year Additional on Panel
https://rukminim1.flixcart.com/image/312/312/l2p23rk0/television/9/i/s/-original-imagdzfjvbfrbprp.jpeg?q=70	Nokia 127 cm (50 inch) Ultra HD (4K) LED Smart Android TV with Dolby Atmos and Dolby Vision	₹31,999	Netflix|Prime Video|Disney+Hotstar|YoutubeOperating System: AndroidUltra HD (4K) 3840 x 2160 Pixels24 W Speaker Output60 Hz Refresh Rate4 x HDMI | 2 x USBVA Type Panel1 Year Warranty on Product
https://rukminim1.flixcart.com/image/312/312/l2rwzgw0/television/i/q/r/-original-imagefjnnfcuvuhn.jpeg?q=70	SAMSUNG The Frame 2021 Series 125 cm (50 inch) QLED Ultra HD (4K) Smart Tizen TV	₹66,990	Netflix|Prime Video|Disney+Hotstar|YoutubeOperating System: TizenUltra HD (4K) 3840 x 2160 Pixels20 W Speaker Output60 Hz Refresh Rate4 x HDMI | 2 x USB1 Year comprehensive warranty and 1 year additional on Panel.
https://rukminim1.flixcart.com/image/312/312/kzllrbk0/television/x/u/s/-original-imagbkff7gqmdukq.jpeg?q=70	SONY Bravia 108 cm (43 inch) Full HD LED Smart Linux TV	₹36,999	Netflix|YoutubeOperating System: LinuxFull HD 1920 x 1080 Pixels20 W Speaker Output50 Hz Refresh Rate2 x HDMI | 2 x USBLED1 Year Manufacturer Warranty
https://rukminim1.flixcart.com/image/312/312/l2dmky80/television/q/w/a/-original-imagdqbn7s8jzwtu.jpeg?q=70	Sansui 109 cm (43 inch) Ultra HD (4K) LED Smart Android TV with Dolby Audio and DTS (Mystique Black) (...	₹23,999	Netflix|Disney+Hotstar|YoutubeOperating System: AndroidUltra HD (4K) 3840 x 2160 Pixels20 W Speaker Output60 Hz Refresh Rate3 x HDMI | 2 x USB1 Year Comprehensive Warranty on Product and Additional 1 Year Warranty on Panel
https://rukminim1.flixcart.com/image/312/312/kf5pzm80/television/f/h/e/mi-l32m6-ei-original-imafvzefsh27shv6.jpeg?q=70	Mi 4A Horizon Edition 80 cm (32 inch) HD Ready LED Smart Android TV	₹15,999	Netflix|Prime Video|Disney+Hotstar|YoutubeOperating System: AndroidHD Ready 1366 x 768 Pixels20 W Speaker Output60 Hz Refresh Rate3 x HDMI | 2 x USB1 Year on Product and 2 Years for Panel
https://rukminim1.flixcart.com/image/312/312/kr2e3680/television/9/l/o/l43m6-ei-mi-original-imag4xqrfhrewu2c.jpeg?q=70	Mi 4A Horizon Edition 108 cm (43 inch) Full HD LED Smart Android TV	₹24,999	Netflix|Prime Video|Disney+Hotstar|YoutubeOperating System: AndroidFull HD 1920 x 1080 Pixels20 W Speaker Output60 Hz Refresh Rate3 x HDMI | 2 x USB1 Year Warranty and 2 Years for Panel
https://rukminim1.flixcart.com/image/312/312/xif0q/television/w/s/u/-original-imaghu25yddguv5n.jpeg?q=70	iFFALCON by TCL 126 cm (50 inch) Ultra HD (4K) LED Smart Android TV	₹29,999	Netflix|Disney+Hotstar|YoutubeOperating System: AndroidUltra HD (4K) 3840 x 2160 Pixels24 W Speaker Output60 Hz Refresh Rate3 x HDMI | 1 x USBA+ Grade UHD 10-bit DLED Panel1 Year Warranty on Product
https://rukminim1.flixcart.com/image/312/312/xif0q/television/o/v/6/55qml-55qml-vu-original-imaggewu6ybu4unq.jpeg?q=70	Vu 139 cm (55 inch) QLED Ultra HD (4K) Smart Android TV	₹47,999	Netflix|Disney+Hotstar|YoutubeOperating System: AndroidUltra HD (4K) 3840 x 2160 Pixels40 W Speaker Output60 Hz Refresh Rate3 x HDMI | 2 x USB1 Year Warranty
https://rukminim1.flixcart.com/image/312/312/krf91u80/television/0/f/n/f32s001-candes-original-imag57hsyrgngzhx.jpeg?q=70	Candes 80 cm (32 inch) HD Ready LED Smart Android TV	₹9,490	Netflix|Prime Video|Disney+Hotstar|YoutubeOperating System: AndroidHD Ready 1366 x 768 Pixels20 Speaker Output60 Hz Refresh Rate2 x HDMI | 2 x USB1 Year Candes Domestic Warranty
https://rukminim1.flixcart.com/image/312/312/xif0q/television/q/z/r/-original-imaggzfd7gupsuyu.jpeg?q=70	acer i series 80 cm (32 inch) HD Ready LED Smart Android TV with Android 11 (2022 Model)	₹13,999	Netflix|Prime Video|Disney+Hotstar|YoutubeOperating System: AndroidHD Ready 1366 x 768 Pixels24 W Speaker Output60 Hz Refresh Rate2 x HDMI | 2 x USBA+1 Year Warranty
https://rukminim1.flixcart.com/image/312/312/kq6yefk0/television/s/c/z/l43m4-4ain-mi-original-imag496eqghnqhpu.jpeg?q=70	Mi 4X 108 cm (43 inch) Ultra HD (4K) LED Smart Android TV	₹27,999	Netflix|Prime Video|Disney+Hotstar|YoutubeOperating System: AndroidUltra HD (4K) 3840 x 2160 Pixels20 W Speaker Output60 Hz Refresh Rate3 x HDMI | 2 x USB1 Year on TV, 2 years on Panel, 6 Months on Accessories
https://rukminim1.flixcart.com/image/312/312/kjrh2fk0/television/w/u/f/50-oathpro-1212-50oathpro1212-thomson-original-imafz9gsgcghzfcd.jpeg?q=70	Thomson OATHPRO Series 126 cm (50 inch) Ultra HD (4K) LED Smart Android TV with Dolby Digital Plus & D...	₹29,999	Netflix|Prime Video|Disney+Hotstar|YoutubeOperating System: AndroidUltra HD (4K) 3840 x 2160 Pixels30 W Speaker Output60 Hz Refresh Rate3 x HDMI | 2 x USBIPS1 Year Warranty on Product & 6 Months on Accessories
https://rukminim1.flixcart.com/image/312/312/xif0q/television/f/u/j/-original-imaghqqmthxvdazs.jpeg?q=70	KODAK 7XPRO Series 80 cm (32 inch) HD Ready LED Smart Android TV	₹11,489	Prime Video|Disney+Hotstar|YoutubeOperating System: AndroidHD Ready 1366 x 768 Pixels24 W Speaker Output60 Hz Refresh Rate3 x HDMI | 2 x USBA+1 Year Warranty on Product & 6 Months on Accessories
https://rukminim1.flixcart.com/image/312/312/xif0q/television/m/p/n/-original-imaghu25uszugfab.jpeg?q=70	TCL S5200 108 cm (43 inch) Full HD LED Smart Android TV	₹21,990	Netflix|Prime Video|Disney+Hotstar|YoutubeOperating System: AndroidFull HD 1920 x 1080 Pixels20 rms Speaker Output60 Hz Refresh Rate2 x HDMI | 1 x USBA+ Grade FHD 10-bit DLED Panel2 Year Product Warranty
https://rukminim1.flixcart.com/image/312/312/l12h1u80/television/z/c/1/-original-imagcppgc2ycvxdb.jpeg?q=70	Blaupunkt Cybersound 139 cm (55 inch) Ultra HD (4K) LED Smart Android TV with Dolby MS12 & 60W Speaker...	₹37,999	Netflix|Prime Video|Disney+Hotstar|YoutubeOperating System: AndroidUltra HD (4K) 3840 x 2160 Pixels60 W Speaker Output60 Hz Refresh Rate3 x HDMI | 2 x USBIPS1 Year Warranty on Product & 6 Months on Accessories
https://rukminim1.flixcart.com/image/312/312/kkoc70w0/television/o/x/j/l55m6-eqg-mi-original-imafzyrjdtba6bqf.jpeg?q=70	Mi Q1 138.8 cm (55 inch) QLED Ultra HD (4K) Smart Android TV	₹59,999	Netflix|Prime Video|Disney+Hotstar|YoutubeOperating System: AndroidUltra HD (4K) 3840 x 2160 Pixels30 W Speaker Output60 Hz Refresh Rate3 x HDMI | 2 x USB1 Year on Product and 1 Additional Year for Panel From Mi
https://rukminim1.flixcart.com/image/312/312/kx9as280/television/d/e/b/-original-imag9rfguf6nevgd.jpeg?q=70	SONY Bravia 80 cm (32 inch) HD Ready LED Smart Android TV	₹22,999	Netflix|Prime Video|Disney+Hotstar|YoutubeOperating System: AndroidHD Ready 1366 x 768 Pixels20 W Speaker Output60 Hz Refresh Rate3 x HDMI | 2 x USB1 Year Manufacturer Warranty
https://rukminim1.flixcart.com/image/312/312/l12h1u80/television/f/h/b/-original-imagcppfgyfdhqxc.jpeg?q=70	Blaupunkt Cybersound 108 cm (43 inch) Ultra HD (4K) LED Smart Android TV with Dolby MS12 & 50W Speaker...	₹27,999	Netflix|Prime Video|Disney+Hotstar|YoutubeOperating System: AndroidUltra HD (4K) 3840 x 2160 Pixels50 W Speaker Output60 Hz Refresh Rate3 x HDMI | 2 x USBIPS1 Year Warranty on Product & 6 Months on Accessories
https://rukminim1.flixcart.com/image/312/312/l3bx5e80/television/0/w/q/-original-imageh37h34rehqf.jpeg?q=70	SONY Bravia 108 cm (43 inch) Ultra HD (4K) LED Smart Google TV	₹47,999	Netflix|Prime Video|Disney+Hotstar|YoutubeOperating System: Google TVUltra HD (4K) 3840 x 2160 Pixels20 W Speaker Output60 Hz Refresh Rate3 x HDMI | 2 x USB1 Year Manufacturer Warranty
https://rukminim1.flixcart.com/image/312/312/l12h1u80/television/z/c/1/-original-imagcppgc2ycvxdb.jpeg?q=70	Blaupunkt Cybersound 139 cm (55 inch) Ultra HD (4K) LED Smart Android TV with Dolby MS12 & 60W Speaker...	₹37,999	Netflix|Prime Video|Disney+Hotstar|YoutubeOperating System: AndroidUltra HD (4K) 3840 x 2160 Pixels60 W Speaker Output60 Hz Refresh Rate3 x HDMI | 2 x USBIPS1 Year Warranty on Product & 6 Months on Accessories
https://rukminim1.flixcart.com/image/312/312/xif0q/television/a/d/d/-original-imaghbbqwnhg6gpe.jpeg?q=70	Dyanora 80 cm (32 inch) HD Ready LED Smart Android Based TV with Noise Reduction, Android 9.0, Powerfu...	₹8,739	Netflix|Prime Video|Disney+Hotstar|YoutubeOperating System: Android BasedHD Ready 1366 x 768 Pixels20 W Speaker Output60 Hz Refresh Rate2 x HDMI | 2 x USBA+Grade1 Year Manufacturer Warranty from the Date of Purchase
https://rukminim1.flixcart.com/image/312/312/kf5pzm80/television/f/h/e/mi-l32m6-ei-original-imafvzefsh27shv6.jpeg?q=70	Mi 4A Horizon Edition 80 cm (32 inch) HD Ready LED Smart Android TV	₹15,999	Netflix|Prime Video|Disney+Hotstar|YoutubeOperating System: AndroidHD Ready 1366 x 768 Pixels20 W Speaker Output60 Hz Refresh Rate3 x HDMI | 2 x USB1 Year on Product and 2 Years for Panel
https://rukminim1.flixcart.com/image/312/312/kzllrbk0/television/x/u/s/-original-imagbkff7gqmdukq.jpeg?q=70	SONY Bravia 108 cm (43 inch) Full HD LED Smart Linux TV	₹36,999	Netflix|YoutubeOperating System: LinuxFull HD 1920 x 1080 Pixels20 W Speaker Output50 Hz Refresh Rate2 x HDMI | 2 x USBLED1 Year Manufacturer Warranty
https://rukminim1.flixcart.com/image/312/312/xif0q/television/p/o/e/-original-imaghu25brfryenc.jpeg?q=70	TCL C725 139 cm (55 inch) QLED Ultra HD (4K) Smart Android TV (Black) (2021 Model) | With Video Call C...	₹46,990	Netflix|Disney+Hotstar|YoutubeOperating System: AndroidUltra HD (4K) 3840 x 2160 Pixels24 W Speaker Output60 Hz Refresh Rate3 x HDMI | 2 x USBA+ Grade2 Year Product Warranty
https://rukminim1.flixcart.com/image/312/312/xif0q/television/7/p/t/-original-imaghy5qe6mp2wae.jpeg?q=70	KODAK CA Series 139 cm (55 inch) Ultra HD (4K) LED Smart Android TV with Dolby Digital Plus & DTS TruS...	₹34,999	Netflix|Prime Video|Disney+Hotstar|YoutubeOperating System: AndroidUltra HD (4K) 3840X2160 Pixels30 W Speaker Output60 Hz Refresh Rate3 x HDMI | 2 x USBIPS1 Year Warranty on Product & 6 Months on Accessories
https://rukminim1.flixcart.com/image/312/312/l2rwzgw0/television/j/p/0/kd-55x80aj-sony-original-imagefgmyfkbavde.jpeg?q=70	SONY Bravia 138.8 cm (55 inch) Ultra HD (4K) LED Smart Google TV	₹69,999	Netflix|Prime Video|Disney+Hotstar|YoutubeOperating System: Google TVUltra HD (4K) 3840 x 2160 Pixels20 W Speaker Output60 Hz Refresh Rate4 x HDMI | 2 x USB1 Year Manufacturer Warranty
https://rukminim1.flixcart.com/image/312/312/kz4gh3k0/television/p/n/s/-original-imagb782cy86x6q8.jpeg?q=70	Coocaa 108 cm (43 inch) Full HD LED Smart Android TV with HDR 10 Dolby Audio and Eye Care Technology	₹16,999	Netflix|Disney+Hotstar|YoutubeOperating System: AndroidFull HD 1920 x 1080 Pixels20 W Speaker Output60 Hz Refresh Rate2 x HDMI | 2 x USBIPS Panel1 Year Domestic Warranty
https://rukminim1.flixcart.com/image/312/312/xif0q/television/m/2/9/-original-imaggzfcygzcpxrg.jpeg?q=70	acer i series 139 cm (55 inch) Ultra HD (4K) LED Smart Android TV with Android 11 (2022 Model)	₹35,999	Netflix|Prime Video|Disney+Hotstar|YoutubeOperating System: AndroidUltra HD (4K) 3840 x 2160 Pixels30 W Speaker Output60 Hz Refresh Rate3 x HDMI | 2 x USBA+2 Years Warranty
https://rukminim1.flixcart.com/image/312/312/xif0q/television/6/h/e/-original-imaghu25hkdksugm.jpeg?q=70	TCL P725 108 cm (43 inch) Ultra HD (4K) LED Smart Android TV	₹28,990	Netflix|Prime Video|Disney+Hotstar|YoutubeOperating System: AndroidUltra HD (4K) 3840 × 2160 Pixels24 rms Speaker Output60 Hz Refresh Rate2 x HDMI | 1 x USBA+ Grade UHD 10-bit DLED Panel2 Year Product Warranty
https://rukminim1.flixcart.com/image/312/312/l2p23rk0/television/9/i/s/-original-imagdzfjvbfrbprp.jpeg?q=70	Nokia 127 cm (50 inch) Ultra HD (4K) LED Smart Android TV with Dolby Atmos and Dolby Vision	₹31,999	Netflix|Prime Video|Disney+Hotstar|YoutubeOperating System: AndroidUltra HD (4K) 3840 x 2160 Pixels24 W Speaker Output60 Hz Refresh Rate4 x HDMI | 2 x USBVA Type Panel1 Year Warranty on Product
https://rukminim1.flixcart.com/image/312/312/xif0q/television/v/7/x/-original-imaghu25fh9weawa.jpeg?q=70	TCL P615 139 cm (55 inch) Ultra HD (4K) LED Smart Android TV with Dolby Audio	₹34,990	Netflix|Prime Video|Disney+Hotstar|YoutubeOperating System: AndroidUltra HD (4K) 3860 x 2160 Pixels24 W Speaker Output60 Hz Refresh Rate3 x HDMI | 1 x USBA+ Grade Panel2 Year Product Warranty
https://rukminim1.flixcart.com/image/312/312/ks3jjbk0/television/s/u/e/50put7605-94-philips-original-imag5qrgz3u3hxgh.jpeg?q=70	PHILIPS 7600 Series 126 cm (50 inch) Ultra HD (4K) LED Smart Linux based TV	₹31,999	Netflix|Prime Video|YoutubeOperating System: Linux basedUltra HD (4K) 3840 x 2160 Pixels20 W Speaker Output60 Hz Refresh Rate3 x HDMI | 2 x USBLED2 Years Warranty Provided By the Manufacturer Upon Date of Purchase
https://rukminim1.flixcart.com/image/312/312/xif0q/television/b/c/7/-original-imaggz6zd5rchpuq.jpeg?q=70	TOSHIBA C350LP Series 126 cm (50 inch) Ultra HD (4K) LED Smart Google TV with Dolby Vision Atmos and R...	₹34,990	Netflix|Prime Video|Disney+Hotstar|YoutubeOperating System: Google TVUltra HD (4K) 3840 x 2160 Pixels24 W Speaker Output60 Hz Refresh Rate3 x HDMI | 2 x USBA+ Grade Ultra Vivid Panel2 Years Comprehensive Warranty
https://rukminim1.flixcart.com/image/312/312/l3bx5e80/television/j/i/9/-original-imageh2q8qbajhcn.jpeg?q=70	SONY Bravia 80 cm (32 inch) HD Ready LED Smart Google TV with Google TV	₹25,990	Netflix|Prime Video|Disney+Hotstar|YoutubeOperating System: Google TVHD Ready 1366 x 768 Pixels20 W Speaker Output60 Hz Refresh Rate3 x HDMI | 2 x USB1 Year Manufacturer Warranty
https://rukminim1.flixcart.com/image/312/312/kfzq8i80/television/g/z/a/motorola-55sauhdmg-original-imafwc56btcf9awy.jpeg?q=70	MOTOROLA Revou 139 cm (55 inch) Ultra HD (4K) LED Smart Android TV with Dolby Atmos and Dolby Vision	₹35,999	Netflix|Prime Video|Disney+Hotstar|YoutubeOperating System: AndroidUltra HD (4K) 3840 � 2160 Pixels50 W Speaker Output60 Hz Refresh Rate3 x HDMI | 2 x USBADS1 Year Warranty on Product
https://rukminim1.flixcart.com/image/312/312/ku2zjww0/television/w/c/z/43path4545bl-43path4545bl-thomson-original-imag7a88xjj5y2dv.jpeg?q=70	Thomson 9R PRO 108 cm (43 inch) Ultra HD (4K) LED Smart Android TV	₹23,999	Prime Video|Disney+Hotstar|YoutubeOperating System: AndroidUltra HD (4K) 3840 x 2160 Pixels40 W Speaker Output60 Hz Refresh Rate3 x HDMI | 2 x USBIPS1 Year Warranty on Product and 6 Months on Accessories
https://rukminim1.flixcart.com/image/312/312/kingqkw0/television/w/b/y/motorola-43sauhdmq-original-imafydykpnw3hzgv.jpeg?q=70	MOTOROLA ZX Pro 127 cm (50 inch) Ultra HD (4K) LED Smart Android TV with Wireless Gamepad	₹33,999	Netflix|Prime Video|Disney+Hotstar|YoutubeOperating System: AndroidUltra HD (4K) 3840 x 2160 Pixels50 W Speaker Output60 Hz Refresh Rate3 x HDMI | 2 x USBVA Type1 Year Warranty on Product
https://rukminim1.flixcart.com/image/312/312/l2ghgnk0/television/x/f/k/p32s001-p32s001-candes-original-imagdshfudqwzzfg.jpeg?q=70	Candes 81 cm (32 inch) HD Ready LED Smart Android TV	₹8,490	Netflix|Prime Video|Disney+Hotstar|YoutubeOperating System: AndroidHD Ready 1366 x 768 Pixels20 Speaker Output50 Hz Refresh Rate1 x HDMI | 2 x USB1 Year Candes Domestic Warranty
https://rukminim1.flixcart.com/image/312/312/xif0q/television/u/h/n/-original-imaggwfzpgv9pbht.jpeg?q=70	SAMSUNG The Frame 138 cm (55 inch) QLED Ultra HD (4K) Smart Tizen TV	₹99,990	Netflix|Prime Video|Disney+Hotstar|YoutubeOperating System: TizenUltra HD (4K) 3840 x 2160 Pixels40 W Speaker Output100 Hz Refresh Rate4 x HDMI | 2 x USB1 Year Comprehensive Warranty on Product and 1 Year Additional on Panel
https://rukminim1.flixcart.com/image/312/312/l47cu4w0/television/v/9/l/-original-imagf5qugwkqdvfg.jpeg?q=70	SAMSUNG Crystal 4K Neo Series 138 cm (55 inch) Ultra HD (4K) LED Smart Tizen TV with (Black) (2022 Mod...	₹52,990	Netflix|Prime Video|Disney+Hotstar|YoutubeOperating System: TizenUltra HD (4K) Crystal 4K FE UHD (3840 x 2160) Pixels20 W Speaker Output50 Hz Refresh Rate3 x HDMI | 1 x USB1 Year warranty provided by manufacturer from date of purchase and 1 Year Additional on Panel
https://rukminim1.flixcart.com/image/312/312/xif0q/television/b/c/7/-original-imaggz6zd5rchpuq.jpeg?q=70	TOSHIBA C350LP Series 126 cm (50 inch) Ultra HD (4K) LED Smart Google TV with Dolby Vision Atmos and R...	₹34,990	Netflix|Prime Video|Disney+Hotstar|YoutubeOperating System: Google TVUltra HD (4K) 3840 x 2160 Pixels24 W Speaker Output60 Hz Refresh Rate3 x HDMI | 2 x USBA+ Grade Ultra Vivid Panel2 Years Comprehensive Warranty
https://rukminim1.flixcart.com/image/312/312/kx6fwcw0/television/w/5/8/-original-imag9zvwz5ffv9ec.jpeg?q=70	Vu Premium 139 cm (55 inch) Ultra HD (4K) LED Smart Android TV	₹36,999	Netflix|Prime Video|Disney+Hotstar|YoutubeOperating System: AndroidUltra HD (4K) 3840 x 2160 Pixels30 W Speaker Output60 Hz Refresh Rate3 x HDMI | 2 x USBA+ Grade1 Year
https://rukminim1.flixcart.com/image/312/312/kex5ci80/television/2/f/s/toshiba-50u5050-original-imafvhn4ybagp54e.jpeg?q=70	TOSHIBA U50 Series 126 cm (50 inch) Ultra HD (4K) LED Smart VIDAA TV with Dolby Vision & ATMOS	₹27,999	Netflix|Prime Video|YoutubeOperating System: VIDAAUltra HD (4K) 3840 x 2160 Pixels30 W Speaker Output60 Hz Refresh Rate3 x HDMI | 2 x USBYupp TV1 Year Warranty
https://rukminim1.flixcart.com/image/312/312/l2rwzgw0/television/j/p/0/kd-55x80aj-sony-original-imagefgmyfkbavde.jpeg?q=70	SONY Bravia 138.8 cm (55 inch) Ultra HD (4K) LED Smart Google TV	₹69,999	Netflix|Prime Video|Disney+Hotstar|YoutubeOperating System: Google TVUltra HD (4K) 3840 x 2160 Pixels20 W Speaker Output60 Hz Refresh Rate4 x HDMI | 2 x USB1 Year Manufacturer Warranty
https://rukminim1.flixcart.com/image/312/312/kkoc70w0/television/o/x/j/l55m6-eqg-mi-original-imafzyrjdtba6bqf.jpeg?q=70	Mi Q1 138.8 cm (55 inch) QLED Ultra HD (4K) Smart Android TV	₹59,999	Netflix|Prime Video|Disney+Hotstar|YoutubeOperating System: AndroidUltra HD (4K) 3840 x 2160 Pixels30 W Speaker Output60 Hz Refresh Rate3 x HDMI | 2 x USB1 Year on Product and 1 Additional Year for Panel From Mi
https://rukminim1.flixcart.com/image/312/312/krme93k0/television/8/j/w/kd-55x80j-kd-55x80j-sony-original-imag5dfgzut79ate.jpeg?q=70	SONY Bravia 138.8 cm (55 inch) Ultra HD (4K) LED Smart Google TV	₹77,390	Netflix|Prime Video|Disney+Hotstar|YoutubeOperating System: Google TVUltra HD (4K) 3840 x 2160 Pixels20 W Speaker Output60 Hz Refresh Rate4 x HDMI | 2 x USB1 Year Manufacturer Warranty
https://rukminim1.flixcart.com/image/312/312/xif0q/television/a/6/n/-original-imaghzmu5kh7gazg.jpeg?q=70	Hisense A71F 139 cm (55 inch) Ultra HD (4K) LED Smart Android TV with Dolby Vision & ATMOS	₹34,990	Netflix|Prime Video|Disney+Hotstar|YoutubeOperating System: AndroidUltra HD (4K) 3840 x 2160 Pixels30 W Speaker Output60 Hz Refresh Rate3 x HDMI | 2 x USB2 Years Comprehensive Warranty
https://rukminim1.flixcart.com/image/312/312/xif0q/television/h/0/x/-original-imaghgphu8kjtgvs.jpeg?q=70	realme 108 cm (43 inch) Ultra HD (4K) LED Smart Android TV with Handsfree Voice Search and Dolby Visio...	₹29,999	Netflix|Prime Video|Disney+Hotstar|YoutubeOperating System: AndroidUltra HD (4K) 3840 x 2160 Pixels24 W Speaker Output60 Hz Refresh Rate3 x HDMI | 2 x USB1 Year Warranty On TV and 2 Years Warranty On The Display Panel
https://rukminim1.flixcart.com/image/312/312/l3bx5e80/television/0/w/q/-original-imageh37h34rehqf.jpeg?q=70	SONY Bravia 125.7 cm (50 inch) Ultra HD (4K) LED Smart Google TV	₹60,999	Netflix|Prime Video|Disney+Hotstar|YoutubeOperating System: Google TVUltra HD (4K) 3840 x 2160 Pixels20 W Speaker Output60 Hz Refresh Rate3 x HDMI | 2 x USB1 Year Manufacturer Warranty
https://rukminim1.flixcart.com/image/312/312/kfzq8i80/television/g/z/a/motorola-55sauhdmg-original-imafwc56btcf9awy.jpeg?q=70	MOTOROLA Revou 139 cm (55 inch) Ultra HD (4K) LED Smart Android TV with Dolby Atmos and Dolby Vision	₹35,999	Netflix|Prime Video|Disney+Hotstar|YoutubeOperating System: AndroidUltra HD (4K) 3840 � 2160 Pixels50 W Speaker Output60 Hz Refresh Rate3 x HDMI | 2 x USBADS1 Year Warranty on Product
https://rukminim1.flixcart.com/image/312/312/l1fc0i80/television/g/0/o/smthy32hdb52yw-hyundai-original-imagczwztabnzz7z.jpeg?q=70	Hyundai 80 cm (32 inch) HD Ready LED Smart Android Based TV	₹11,999	Netflix|Prime Video|Disney+Hotstar|YoutubeOperating System: Android BasedHD Ready 1366 x 768 Pixels16 W Speaker Output60 Hz Refresh Rate2 x HDMI | 2 x USBA+ Grade Panel1 Year Warranty on Product and 6 Months on Remote
https://rukminim1.flixcart.com/image/312/312/k5vcya80/television/z/k/e/vu-50ca-original-imafzgkftuszcbza.jpeg?q=70	Vu cinema TV 126 cm (50 inch) Ultra HD (4K) LED Smart Android TV	₹30,999	Netflix|Disney+Hotstar|YoutubeOperating System: AndroidUltra HD (4K) 3840 x 2160 Pixels40 W Speaker Output60 Hz Refresh Rate3 x HDMI | 2 x USB1 Year Warranty on Product
https://rukminim1.flixcart.com/image/312/312/ku2zjww0/television/r/f/f/50path1010bl-50path1010bl-thomson-original-imag7a8ahdwvbhya.jpeg?q=70	Thomson 9R PRO 126 cm (50 inch) Ultra HD (4K) LED Smart Android TV	₹29,999	Prime Video|Disney+Hotstar|YoutubeOperating System: AndroidUltra HD (4K) 3840 x 2160 Pixels40 W Speaker Output60 Hz Refresh Rate3 x HDMI | 2 x USBIPS1 Year Warranty on Product and 6 Months on Accessories
https://rukminim1.flixcart.com/image/312/312/xif0q/television/e/2/q/-original-imaggz6pq2yegw7s.jpeg?q=70	TOSHIBA M550LP Series 164 cm (65 inch) QLED Ultra HD (4K) Smart Google TV With Bass Woofer and REGZA E...	₹76,990	Netflix|Prime Video|Disney+Hotstar|YoutubeOperating System: Google TVUltra HD (4K) 3840 x 2160 Pixels49 W Speaker Output60 Hz Refresh Rate3 x HDMI | 2 x USBA+ Grade Ultra Vivid Panel2 Years Comprehensive Warranty
https://rukminim1.flixcart.com/image/312/312/l3929ow0/television/y/f/w/kd-32w830k-in5-sony-original-imagef45ctezbskc.jpeg?q=70	SONY Bravia 80 cm (32 inch) HD Ready LED Smart Google TV	₹27,788	Netflix|Prime Video|Disney+Hotstar|YoutubeOperating System: Google TVHD Ready 1366 x 768 Pixels20 W Speaker Output60 Hz Refresh Rate3 x HDMI | 2 x USB1 Year Manufacturer Warranty
https://rukminim1.flixcart.com/image/312/312/l0bbonk0/television/6/x/u/-original-imagc4c9bxnnup4z.jpeg?q=70	Hisense A6GE Series 108 cm (43 inch) Ultra HD (4K) LED Smart Android TV with Dolby Vision and Dolby At...	₹26,990	Netflix|Prime Video|Disney+Hotstar|YoutubeOperating System: AndroidUltra HD (4K) 3840 x 2160 Pixels24 W Speaker Output60 Hz Refresh Rate3 x HDMI | 2 x USBA+ Grade2 Years Comprehensive Warranty
https://rukminim1.flixcart.com/image/312/312/l2ghgnk0/television/x/f/k/p32s001-p32s001-candes-original-imagdshfudqwzzfg.jpeg?q=70	Candes 81 cm (32 inch) HD Ready LED Smart Android TV	₹8,490	Netflix|Prime Video|Disney+Hotstar|YoutubeOperating System: AndroidHD Ready 1366 x 768 Pixels20 Speaker Output50 Hz Refresh Rate1 x HDMI | 2 x USB1 Year Candes Domestic Warranty
https://rukminim1.flixcart.com/image/312/312/l3nco7k0/television/j/r/m/55-qpm-vu-original-imageq6mnwqavjte.jpeg?q=70	Vu Masterpiece Glo 139 cm (55 inch) QLED Ultra HD (4K) Smart Android TV	₹75,999	Netflix|Disney+Hotstar|YoutubeOperating System: AndroidUltra HD (4K) 3840 x 2160 Pixels100 W Speaker Output120 Hz Refresh Rate4 x HDMI | 2 x USB3 Years Warranty
https://rukminim1.flixcart.com/image/312/312/xif0q/television/7/p/t/-original-imaghy5qe6mp2wae.jpeg?q=70	KODAK CA Series 139 cm (55 inch) Ultra HD (4K) LED Smart Android TV with Dolby Digital Plus & DTS TruS...	₹34,999	Netflix|Prime Video|Disney+Hotstar|YoutubeOperating System: AndroidUltra HD (4K) 3840X2160 Pixels30 W Speaker Output60 Hz Refresh Rate3 x HDMI | 2 x USBIPS1 Year Warranty on Product & 6 Months on Accessories
https://rukminim1.flixcart.com/image/312/312/ks3jjbk0/television/6/w/r/32ya593-lumx-original-imag5rytg4pdpvw3.jpeg?q=70	LumX Border Less 80 cm (32 inch) HD Ready LED Smart Android TV	₹8,999	Netflix|Prime Video|Disney+HotstarOperating System: AndroidHD Ready 1366X768P Pixels24w Speaker Output60 Hz Refresh Rate2 x HDMI | 2 x USBA+1 Year Warranty on Product.
https://rukminim1.flixcart.com/image/312/312/l12h1u80/television/z/c/1/-original-imagcppgc2ycvxdb.jpeg?q=70	Blaupunkt Cybersound 126 cm (50 inch) Ultra HD (4K) LED Smart Android TV with Dolby MS12 & 60W Speaker...	₹33,999	Netflix|Prime Video|Disney+Hotstar|YoutubeOperating System: AndroidUltra HD (4K) 3840 x 2160 Pixels60 W Speaker Output60 Hz Refresh Rate3 x HDMI | 3 x USBIPS1 Year Warranty on Product & 6 Months on Accessories
https://rukminim1.flixcart.com/image/312/312/xif0q/television/a/y/i/-original-imagh3wbtnze7ka4.jpeg?q=70	Hisense E4G Series 80 cm (32 inch) HD Ready LED Smart Android TV with DTS Virtual X	₹11,999	Netflix|Prime Video|Disney+Hotstar|YoutubeOperating System: AndroidHD Ready 1366 x 768 Pixels20 W Speaker Output60 Hz Refresh Rate2 x HDMI | 2 x USBA+ Grade Panel1 Year Comprehensive Warranty
https://rukminim1.flixcart.com/image/312/312/ku79vgw0/television/e/m/b/55opmax9055-thomson-original-imag7dn5ddmzz4ya.jpeg?q=70	Thomson OATHPRO Max 126 cm (50 inch) Ultra HD (4K) LED Smart Android TV with Dolby MS12 & 40W Speakers	₹31,999	Netflix|Prime Video|Disney+Hotstar|YoutubeOperating System: AndroidUltra HD (4K) 3840 x 2160 Pixels40 W Speaker Output60 Hz Refresh Rate3 x HDMI | 2 x USBIPS+1 Year Warranty on Product and 6 Months on Accessories
https://rukminim1.flixcart.com/image/312/312/k5vcya80/television/z/k/e/vu-50ca-original-imafzgkftuszcbza.jpeg?q=70	Vu cinema TV 126 cm (50 inch) Ultra HD (4K) LED Smart Android TV	₹30,999	Netflix|Disney+Hotstar|YoutubeOperating System: AndroidUltra HD (4K) 3840 x 2160 Pixels40 W Speaker Output60 Hz Refresh Rate3 x HDMI | 2 x USB1 Year Warranty on Product
https://rukminim1.flixcart.com/image/312/312/kqse07k0/television/m/m/i/55up7500ptz-55up7500ptz-lg-original-imag4q3zjqgshdhy.jpeg?q=70	LG 139 cm (55 inch) Ultra HD (4K) LED Smart WebOS TV	₹48,490	Netflix|Prime Video|Disney+Hotstar|YoutubeOperating System: WebOSUltra HD (4K) 3840 x 2160 Pixels20 W Speaker Output60 Hz Refresh Rate2 x HDMI | 1 x USB1 Year LG India Comprehensive Warranty and additional 1 year Warranty is applicable on Panel/Module from the date of purchase.
https://rukminim1.flixcart.com/image/312/312/kq6yefk0/television/e/p/w/l50m5-5ain-mi-original-imag4969ybwxqwza.jpeg?q=70	Mi 4X 125.7 cm (50 inch) Ultra HD (4K) LED Smart Android TV	₹30,999	Netflix|Disney+Hotstar|YoutubeOperating System: AndroidUltra HD (4K) 3840 x 2160 Pixels20 W Speaker Output60 Hz Refresh Rate3 x HDMI | 2 x USB1 Year on Product and 1 Additional Year for Panel
https://rukminim1.flixcart.com/image/312/312/l2rwzgw0/television/m/y/s/-original-imagefjnx9bk5mxt.jpeg?q=70	SAMSUNG The Frame 2021 Series 138 cm (55 inch) QLED Ultra HD (4K) Smart Tizen TV	₹77,990	Netflix|Prime Video|Disney+Hotstar|YoutubeOperating System: TizenUltra HD (4K) 3840 x 2160 Pixels40 W Speaker Output120 Hz Refresh Rate4 x HDMI | 2 x USB1 Year comprehensive warranty and 1 year additional on Panel.
https://rukminim1.flixcart.com/image/312/312/xif0q/television/e/2/q/-original-imaggz6pq2yegw7s.jpeg?q=70	TOSHIBA M550LP Series 164 cm (65 inch) QLED Ultra HD (4K) Smart Google TV With Bass Woofer and REGZA E...	₹76,990	Netflix|Prime Video|Disney+Hotstar|YoutubeOperating System: Google TVUltra HD (4K) 3840 x 2160 Pixels49 W Speaker Output60 Hz Refresh Rate3 x HDMI | 2 x USBA+ Grade Ultra Vivid Panel2 Years Comprehensive Warranty
https://rukminim1.flixcart.com/image/312/312/l572ufk0/television/q/u/i/65uq7500psf-65uq7500psf-lg-original-imagfxgx5egaesaw.jpeg?q=70	LG UQ7500 164 cm (65 inch) Ultra HD (4K) LED Smart WebOS TV 2022 Edition	₹81,182	Netflix|Prime Video|Disney+Hotstar|YoutubeOperating System: WebOSUltra HD (4K) 3840 x 2160 Pixels20 W Speaker Output60 Hz Refresh Rate3 x HDMI | 1 x USBLED1 Year LG India Comprehensive Warranty and additional 1 year Warranty is applicable on Panel/Module from the date of purchase.
https://rukminim1.flixcart.com/image/312/312/ks3jjbk0/television/6/w/r/32ya593-lumx-original-imag5rytg4pdpvw3.jpeg?q=70	LumX Border Less 80 cm (32 inch) HD Ready LED Smart Android TV	₹8,999	Netflix|Prime Video|Disney+HotstarOperating System: AndroidHD Ready 1366X768P Pixels24w Speaker Output60 Hz Refresh Rate2 x HDMI | 2 x USBA+1 Year Warranty on Product.
https://rukminim1.flixcart.com/image/312/312/l3xcr680/television/f/f/p/-original-imagexnssdcgzyzj.jpeg?q=70	Nokia 102 cm (40 inch) Full HD LED Smart Android TV	₹20,999	Netflix|Prime Video|Disney+Hotstar|YoutubeOperating System: AndroidFull HD 1920 x 1080 Pixels24 W Speaker Output60 Hz Refresh Rate3 x HDMI | 2 x USBVA Type Panel1 Year Warranty on Product
https://rukminim1.flixcart.com/image/312/312/knoxnrk0/television/o/u/j/l75m6-esg-mi-original-imag2bg4t5sjhw6c.jpeg?q=70	Mi Q1 189.34 cm (75 inch) QLED Ultra HD (4K) Smart Android TV	₹1,29,999	Netflix|Disney+Hotstar|YoutubeOperating System: AndroidUltra HD (4K) 3840 x 2160 Pixels30 W Speaker Output120 Hz Refresh Rate3 x HDMI | 2 x USB1 Year Warranty on Product and Additional 1 Year for Panel
https://rukminim1.flixcart.com/image/312/312/l1fc0i80/television/x/w/x/smthy32hdb52vrtyw-hyundai-original-imagczwzpe6wdh8k.jpeg?q=70	Hyundai 80 cm (32 inch) HD Ready LED Smart Android Based TV	₹11,990	Netflix|Prime Video|Disney+Hotstar|YoutubeOperating System: Android BasedHD Ready 1366 x 768 Pixels16 W Speaker Output60 Hz Refresh Rate2 x HDMI | 2 x USBA+ Grade Panel1 Year Warranty on Product and 6 Months on Remote
https://rukminim1.flixcart.com/image/312/312/kt64fbk0/television/g/6/p/ua32t4410aklxl-ua32t4410aklxl-samsung-original-imag6kzwvks9bbzb.jpeg?q=70	SAMSUNG 4 80 cm (32 inch) HD Ready LED Smart Tizen TV 2021 Edition	₹18,990	Netflix|Prime Video|Apple TV|Disney+Hotstar|YoutubeOperating System: TizenHD Ready 1366 x 768 Pixels20W Speaker Output60 Hz Refresh Rate2 x HDMI | 1 x USBLED1 YEAR DOMESTIC WARRANTY
https://rukminim1.flixcart.com/image/312/312/l2krs7k0/television/2/c/i/-original-imagdvsyygdng6wr.jpeg?q=70	TCL P715 126 cm (50 inch) Ultra HD (4K) LED Smart Android TV with Full Screen & Handsfree Voice Contro...	₹31,990	Netflix|Prime Video|Disney+Hotstar|YoutubeOperating System: AndroidUltra HD (4K) 3840 x 2160 Pixels30 W Speaker Output60 Hz Refresh Rate3 x HDMI | 2 x USB2 Year Product Warranty
https://rukminim1.flixcart.com/image/312/312/l3bx5e80/television/0/w/q/-original-imageh37h34rehqf.jpeg?q=70	SONY Bravia 125.7 cm (50 inch) Ultra HD (4K) LED Smart Google TV	₹60,999	Netflix|Prime Video|Disney+Hotstar|YoutubeOperating System: Google TVUltra HD (4K) 3840 x 2160 Pixels20 W Speaker Output60 Hz Refresh Rate3 x HDMI | 2 x USB1 Year Manufacturer Warranty
https://rukminim1.flixcart.com/image/312/312/l3nco7k0/television/5/k/a/-original-imageq5eyxxf8sbe.jpeg?q=70	SAMSUNG Crystal 4K Pro 138 cm (55 inch) Ultra HD (4K) LED Smart Tizen TV with Voice Search	₹49,990	Netflix|Disney+Hotstar|YoutubeOperating System: TizenUltra HD (4K) 3840 x 2160 Pixels20 W Speaker Output60 Hz Refresh Rate3 x HDMI | 1 x USB1 Year Product Warranty and 1 Year Additional on Panel
https://rukminim1.flixcart.com/image/312/312/l5h2xe80/television/g/c/f/-original-imagg4y9padcecth.jpeg?q=70	MOTOROLA Revou 2 109 cm (43 inch) Full HD LED Smart Android TV	₹21,999	Netflix|Prime Video|Disney+Hotstar|YoutubeOperating System: AndroidFull HD 1920 x 1080 Pixels24 W Speaker Output60 Hz Refresh Rate3 x HDMI | 2 x USBVA Type Panel1 Year Warranty on Product
https://rukminim1.flixcart.com/image/312/312/xif0q/television/x/l/n/-original-imaggz6zrhhg8ht2.jpeg?q=70	TOSHIBA V35KP 108 cm (43 inch) Full HD LED Smart Android TV with DTS Virtual X (2022 Model)	₹22,990	Netflix|Prime Video|Disney+Hotstar|YoutubeOperating System: AndroidFull HD 1920 x 1080 Pixels20 W Speaker Output60 Hz Refresh Rate2 x HDMI | 2 x USBA+ Grade LED Panel2 Years Comprehensive Warranty
https://rukminim1.flixcart.com/image/312/312/ku1k4280/television/g/x/z/50uhdadndt52x-nokia-original-imag79br4zfyw83q.jpeg?q=70	Nokia 127 cm (50 inch) Ultra HD 4K LED Smart Android TV with Sound by JBL and Powered by Harman AudioE...	₹42,999	Netflix|Prime Video|Disney+Hotstar|YoutubeOperating System: AndroidUltra HD (4K) 3840 x 2160 Pixels60 W Speaker Output60 Hz Refresh Rate3 x HDMI | 2 x USBVA Panel1 Year Warranty on Product
https://rukminim1.flixcart.com/image/312/312/ku1k4280/television/8/l/c/50uhdaqndt5q-nokia-original-imag79breguarr7s.jpeg?q=70	Nokia 127 cm (50 inch) Ultra HD 4K QLED Smart Android TV with Sound by JBL and Powered by Harman Audio...	₹41,999	Netflix|Prime Video|Disney+Hotstar|YoutubeOperating System: AndroidUltra HD (4K) 3840 x 2160 Pixels60 W Speaker Output60 Hz Refresh Rate3 x HDMI | 2 x USBVA Panel1 Year Warranty on Product
https://rukminim1.flixcart.com/image/312/312/ksez24w0/television/s/l/i/hd6fs-pro-huidi-original-imag5zndnwypncda.jpeg?q=70	HUIDI 80 cm (32 inch) HD Ready LED Smart Android Based TV with Bezel Less Display	₹8,927	Netflix|Disney+Hotstar|YoutubeOperating System: Android BasedHD Ready 1366 x 768 Pixels20 W Speaker Output60 Hz Refresh Rate2 x HDMI | 2 x USBA+ Grade1 Year Warranty on Product
https://rukminim1.flixcart.com/image/312/312/xif0q/television/t/f/m/-original-imaghu25dgzgf8za.jpeg?q=70	TCL P615 108 cm (43 inch) Ultra HD (4K) LED Smart TV with Dolby Audio	₹26,990	Netflix|Prime Video|Disney+Hotstar|YoutubeUltra HD (4K) 3840x2160 Pixels24W Speaker Output60 Hz Refresh Rate3 x HDMI | 1 x USB2 Year Product Warranty
https://rukminim1.flixcart.com/image/312/312/xif0q/television/a/6/n/-original-imaghzmu5kh7gazg.jpeg?q=70	Hisense A71F 139 cm (55 inch) Ultra HD (4K) LED Smart Android TV with Dolby Vision & ATMOS	₹34,990	Netflix|Prime Video|Disney+Hotstar|YoutubeOperating System: AndroidUltra HD (4K) 3840 x 2160 Pixels30 W Speaker Output60 Hz Refresh Rate3 x HDMI | 2 x USB2 Years Comprehensive Warranty
https://rukminim1.flixcart.com/image/312/312/kingqkw0/television/w/b/y/motorola-43sauhdmq-original-imafydykpnw3hzgv.jpeg?q=70	MOTOROLA ZX Pro 139 cm (55 inch) Ultra HD (4K) LED Smart Android TV with Wireless Gamepad	₹45,999	Netflix|Prime Video|Disney+Hotstar|YoutubeOperating System: AndroidUltra HD (4K) 3840 x 2160 Pixels50 W Speaker Output60 Hz Refresh Rate3 x HDMI | 2 x USBLG IPS1 Year Warranty on Product
https://rukminim1.flixcart.com/image/312/312/l5h2xe80/television/p/e/c/-original-imagg4y9qenhkyg7.jpeg?q=70	MOTOROLA Revou 2 109 cm (43 inch) Ultra HD (4K) LED Smart Android TV with Dolby Atmos and Dolby Vision	₹24,999	Netflix|Prime Video|Disney+Hotstar|YoutubeOperating System: AndroidUltra HD (4K) 3840 x 2160 Pixels24 W Speaker Output60 Hz Refresh Rate3 x HDMI | 2 x USBVA Type Panel1 Year Warranty on Product
https://rukminim1.flixcart.com/image/312/312/xif0q/television/s/i/0/-original-imaghzvu3h2rxy2t.jpeg?q=70	iFFALCON by TCL K72 139 cm (55 inch) Ultra HD (4K) LED Smart Android TV with Hands Free Voice Control ...	₹35,999	Netflix|Disney+Hotstar|YoutubeOperating System: AndroidUltra HD (4K) 3840 x 2160 Pixels24 W Speaker Output60 Hz Refresh Rate3 x HDMI | 2 x USBA+ Grade1 Year Warranty on Product
https://rukminim1.flixcart.com/image/312/312/kerfl3k0/television/n/q/y/toshiba-43u5050-original-imafvcny5pzdvwwc.jpeg?q=70	TOSHIBA U50 Series 108 cm (43 inch) Ultra HD (4K) LED Smart VIDAA TV with Dolby Vision & ATMOS	₹24,999	Netflix|Prime Video|YoutubeOperating System: VIDAAUltra HD (4K) 3840 x 2160 Pixels24 W Speaker Output60 Hz Refresh Rate3 x HDMI | 2 x USBYupp TV1 Year Warranty
https://rukminim1.flixcart.com/image/312/312/kjiwfbk0-0/television/a/w/h/43uhdx7xpro-kodak-original-imafz2zfaqxhesmk.jpeg?q=70	KODAK 7X Pro 108 cm (43 inch) Ultra HD (4K) LED Smart Android TV	₹21,999	Prime Video|Disney+Hotstar|YoutubeOperating System: AndroidUltra HD (4K) 3840 x 2160 Pixels24 W Speaker Output60 Hz Refresh Rate3 x HDMI | 2 x USBIPS1 Year Warranty on Product & 6 Months on Accessories
https://rukminim1.flixcart.com/image/312/312/l2krs7k0/television/q/v/t/-original-imagdvsywvuvx92h.jpeg?q=70	TCL S6500 Series 108 cm (43 inch) Full HD LED Smart Android TV	₹21,990	Netflix|Disney+Hotstar|YoutubeOperating System: AndroidFull HD 1920 x 1080 Pixels20 W Speaker Output60 Hz Refresh Rate2 x HDMI | 1 x USBA+ Panel2 Year Product Warranty
https://rukminim1.flixcart.com/image/312/312/ku1k4280/television/g/x/z/50uhdadndt52x-nokia-original-imag79br4zfyw83q.jpeg?q=70	Nokia 127 cm (50 inch) Ultra HD 4K LED Smart Android TV with Sound by JBL and Powered by Harman AudioE...	₹42,999	Netflix|Prime Video|Disney+Hotstar|YoutubeOperating System: AndroidUltra HD (4K) 3840 x 2160 Pixels60 W Speaker Output60 Hz Refresh Rate3 x HDMI | 2 x USBVA Panel1 Year Warranty on Product
https://rukminim1.flixcart.com/image/312/312/xif0q/television/s/i/0/-original-imaghzvu3h2rxy2t.jpeg?q=70	iFFALCON by TCL K72 139 cm (55 inch) Ultra HD (4K) LED Smart Android TV with Hands Free Voice Control ...	₹35,999	Netflix|Disney+Hotstar|YoutubeOperating System: AndroidUltra HD (4K) 3840 x 2160 Pixels24 W Speaker Output60 Hz Refresh Rate3 x HDMI | 2 x USBA+ Grade1 Year Warranty on Product
https://rukminim1.flixcart.com/image/312/312/kjlrb0w0-0/television/b/i/g/oled55cxpta-lg-original-imafz4yyntd4jq9x.jpeg?q=70	LG 139 cm (55 inch) OLED Ultra HD (4K) Smart WebOS TV	₹1,34,000	Netflix|Disney+Hotstar|YoutubeOperating System: WebOSUltra HD (4K) 3840 x 2160 Pixels40 W Speaker Output60 Hz Refresh Rate3 x HDMI | 2 x USB1 Year LG India Comprehensive Warranty and additional 1 year Warranty is applicable on Panel/Module from the date of purchase.
https://rukminim1.flixcart.com/image/312/312/xif0q/television/t/f/m/-original-imaghu25dgzgf8za.jpeg?q=70	TCL P615 108 cm (43 inch) Ultra HD (4K) LED Smart TV with Dolby Audio	₹26,990	Netflix|Prime Video|Disney+Hotstar|YoutubeUltra HD (4K) 3840x2160 Pixels24W Speaker Output60 Hz Refresh Rate3 x HDMI | 1 x USB2 Year Product Warranty
https://rukminim1.flixcart.com/image/312/312/l2krs7k0/television/q/v/t/-original-imagdvsywvuvx92h.jpeg?q=70	TCL S6500 Series 79.97 cm (32 inch) HD Ready LED Smart Android TV	₹11,990	Netflix|Disney+Hotstar|YoutubeOperating System: AndroidHD Ready 1366 x 768 Pixels16 W Speaker Output60 Hz Refresh Rate2 x HDMI | 1 x USBA+ Panel2 Year Product Warranty
https://rukminim1.flixcart.com/image/312/312/kc3p30w0/television/z/b/e/thomson-65-oathpro-2020-original-imaftaquapygjk2w.jpeg?q=70	Thomson OATHPRO Series 164 cm (65 inch) Ultra HD (4K) LED Smart Android TV with Dolby Digital Plus & D...	₹53,999	Netflix|Prime Video|Disney+Hotstar|YoutubeOperating System: AndroidUltra HD (4K) 3840 x 2160 Pixels30 W Speaker Output60 Hz Refresh Rate3 x HDMI | 2 x USBIPS1 Year Warranty on Product & 6 Months on Accessories
https://rukminim1.flixcart.com/image/312/312/l12h1u80/television/z/c/1/-original-imagcppgc2ycvxdb.jpeg?q=70	Blaupunkt Cyber Sound 164 cm (65 inch) Ultra HD (4K) LED Smart Android TV with Dolby MS12 & 60W Speake...	₹54,990	Netflix|Prime Video|Disney+Hotstar|YoutubeOperating System: AndroidUltra HD (4K) 3840 x 2160 Pixels60 W Speaker Output60 Hz Refresh Rate3 x HDMI | 2 x USBIPS1 Year Warranty on Product and 6 Months on Accessories
https://rukminim1.flixcart.com/image/312/312/l3xcr680/television/d/h/y/-original-imagexnsrn6af5gu.jpeg?q=70	Nokia 109 cm (43 inch) Ultra HD (4K) LED Smart Android TV with Dolby Atmos and Dolby Vision	₹31,999	Netflix|Prime Video|Disney+Hotstar|YoutubeOperating System: AndroidUltra HD (4K) 3840 x 2160 Pixels24 W Speaker Output60 Hz Refresh Rate3 x HDMI | 2 x USBVA Type Panel1 Year Warranty on Product
https://rukminim1.flixcart.com/image/312/312/l5h2xe80/television/o/w/t/-original-imagg4y9fgxqhwys.jpeg?q=70	MOTOROLA Revou 2 139 cm (55 inch) Ultra HD (4K) LED Smart Android TV with Dolby Atmos and Dolby Vision	₹46,999	Netflix|Prime Video|Disney+Hotstar|YoutubeOperating System: AndroidUltra HD (4K) 3840 x 2160 Pixels24 W Speaker Output60 Hz Refresh Rate4 x HDMI | 2 x USBVA Type Panel1 Year Warranty on Product
https://rukminim1.flixcart.com/image/312/312/l3xcr680/television/u/w/c/-original-imagexnszb3s7ykw.jpeg?q=70	Nokia 109 cm (43 inch) Full HD LED Smart Android TV	₹26,999	Netflix|Prime Video|Disney+Hotstar|YoutubeOperating System: AndroidFull HD 1920 x 1080 Pixels24 W Speaker Output60 Hz Refresh Rate3 x HDMI | 2 x USBVA Type Panel1 Year Warranty on Product
https://rukminim1.flixcart.com/image/312/312/kqv8vww0/television/c/m/1/ua43au7500-samsung-original-imag4s9zwhx7jyx2.jpeg?q=70	SAMSUNG 7 108 cm (43 inch) Ultra HD (4K) LED Smart Tizen TV	₹38,440	Netflix|Disney+Hotstar|YoutubeOperating System: TizenUltra HD (4K) 3840 x 2160 Pixels20 W Speaker Output60 Hz Refresh Rate3 x HDMI | 1 x USB1 Year Comprehensive Warranty on Product.
https://rukminim1.flixcart.com/image/312/312/l3nco7k0/television/z/p/t/-original-imageq5ehvxshfgh.jpeg?q=70	SAMSUNG Crystal 4K 125 cm (50 inch) Ultra HD (4K) LED Smart Tizen TV	₹44,990	Netflix|Disney+Hotstar|YoutubeOperating System: TizenUltra HD (4K) 3840 x 2160 Pixels20 W Speaker Output60 Hz Refresh Rate3 x HDMI | 1 x USB1 Year Product Warranty and 1 Year Additional on Panel
https://rukminim1.flixcart.com/image/312/312/kfzq8i80/television/m/d/d/motorola-32sahdme-original-imafwc5yzz7cyv3r.jpeg?q=70	MOTOROLA ZX2 80 cm (32 inch) HD Ready LED Smart Android TV with Dolby Atmos and Dolby Vision	₹19,999	Netflix|Prime Video|Disney+Hotstar|YoutubeOperating System: AndroidHD Ready 1366 x 768 Pixels40 W Speaker Output60 Hz Refresh Rate2 x HDMI | 2 x USBVA Panel1 Year Warranty on Product
https://rukminim1.flixcart.com/image/312/312/kg2l47k0/television/p/k/4/realme-rmv2001-sled-tv-55-original-imafwe38mxfgcf8g.jpeg?q=70	realme SLED 139 cm (55 inch) Ultra HD (4K) LED Smart Android TV	₹48,999	Netflix|Prime Video|Disney+Hotstar|YoutubeOperating System: AndroidUltra HD (4K) 3840 x 2160 Pixels24 W Speaker Output60 Hz Refresh Rate3 x HDMI | 2 x USBSLED LED1 Year Domestic Warranty and 2  Years on Panel
https://rukminim1.flixcart.com/image/312/312/xif0q/television/u/h/n/-original-imaggwfzpgv9pbht.jpeg?q=70	SAMSUNG The Frame 125 cm (50 inch) QLED Ultra HD (4K) Smart Tizen TV	₹79,990	Netflix|Prime Video|Disney+Hotstar|YoutubeOperating System: TizenUltra HD (4K) 3840 x 2160 Pixels20 W Speaker Output50 Hz Refresh Rate4 x HDMI | 2 x USB1 Year Comprehensive Warranty on Product and 1 Year Additional on Panel
https://rukminim1.flixcart.com/image/312/312/l3nco7k0/television/5/k/a/-original-imageq5eyxxf8sbe.jpeg?q=70	SAMSUNG Crystal 4K Pro 138 cm (55 inch) Ultra HD (4K) LED Smart Tizen TV with Voice Search	₹49,990	Netflix|Disney+Hotstar|YoutubeOperating System: TizenUltra HD (4K) 3840 x 2160 Pixels20 W Speaker Output60 Hz Refresh Rate3 x HDMI | 1 x USB1 Year Product Warranty and 1 Year Additional on Panel
https://rukminim1.flixcart.com/image/312/312/l3929ow0/television/h/d/m/kd-65x75k-in5-sony-original-imagef3zkuszrfgh.jpeg?q=70	SONY Bravia 108 cm (43 inch) Ultra HD (4K) LED Smart Google TV with Google TV	₹50,900	Netflix|Prime Video|Disney+Hotstar|YoutubeOperating System: Google TVUltra HD (4K) 3840 x 2160 Pixels20 W Speaker Output60 Hz Refresh Rate3 x HDMI | 2 x USB1 Year Manufacturer Warranty
https://rukminim1.flixcart.com/image/312/312/kex5ci80/television/z/v/u/toshiba-43l5050-original-imafvh4nczqkuzzd.jpeg?q=70	TOSHIBA L50 Series 108 cm (43 inch) Full HD LED Smart VIDAA TV with ADS Panel	₹20,990	Netflix|Prime Video|YoutubeOperating System: VIDAAFull HD 1920 x 1080 Pixels24 W Speaker Output60 Hz Refresh Rate2 x HDMI | 2 x USBYupp TV1 Year Warranty
https://rukminim1.flixcart.com/image/312/312/k05ljm80/television/t/p/g/lg-43lm5600ptc-original-imafjydmeh8u3pg7.jpeg?q=70	LG All-in-One 108 cm (43 inch) Full HD LED Smart WebOS TV	₹32,900	Netflix|Prime Video|Disney+Hotstar|YoutubeOperating System: WebOSFull HD 1920 x 1080 Pixels20 W Speaker Output50 Hz Refresh Rate2 x HDMI | 1 x USBIPS Panel1 Year LG India Comprehensive Warranty and additional 1 year Warranty is applicable on Panel/Module from the date of purchase.
https://rukminim1.flixcart.com/image/312/312/xif0q/television/2/p/q/-original-imaghy5qfxzusdct.jpeg?q=70	KODAK 7XPro 108 cm (43 inch) Ultra HD (4K) LED Smart Android TV with 40W Sound Output & Bezel-Less Des...	₹23,999	Prime Video|Disney+Hotstar|YoutubeOperating System: AndroidUltra HD (4K) 3840 x 2160 Pixels40 W Speaker Output60 Hz Refresh Rate3 x HDMI | 2 x USBIPS1 Year Warranty on Product and 6 Months on Accessories
https://rukminim1.flixcart.com/image/312/312/l5fnhjk0/television/e/i/7/-original-imagg45hzzyhrkzq.jpeg?q=70	Hisense A4G Series 80 cm (32 inch) HD Ready LED Smart Android TV with DTS Virtual X	₹12,990	Netflix|Prime Video|Disney+Hotstar|YoutubeOperating System: AndroidHD Ready 1366 x 768 Pixels20 W Speaker Output60 Hz Refresh Rate2 x HDMI | 2 x USBIPS, A+ Grade Ultra Vivid High Contrast Panel1 Year Comprehensive Warranty
https://rukminim1.flixcart.com/image/312/312/xif0q/television/n/n/f/-original-imaghzvu2kcw8quz.jpeg?q=70	iFFALCON H72 139 cm (55 inch) QLED Ultra HD (4K) Smart Android TV Hands Free Voice Control & Works wit...	₹44,999	Netflix|Disney+Hotstar|YoutubeOperating System: AndroidUltra HD (4K) 3840 x 2160 Pixels24 W Speaker Output60 Hz Refresh Rate3 x HDMI | 2 x USBA+ Grade Panel1 Year Warranty on Product
https://rukminim1.flixcart.com/image/312/312/kfh5ifk0/television/x/y/u/samsung-ua43t5500akxxl-original-imafvwry7ppmzr9w.jpeg?q=70	SAMSUNG 108 cm (43 inch) Full HD LED Smart Tizen TV	₹33,470	Netflix|Disney+Hotstar|YoutubeOperating System: TizenFull HD 1920 x 1080 Pixels20 W Speaker Output60 Hz Refresh Rate2 x HDMI | 1 x USB1 Year Comprehensive and 1 Year Additional on Panel
https://rukminim1.flixcart.com/image/312/312/l26hdow0/television/o/d/2/43a4g-hisense-original-imagdh27sey8kfpx.jpeg?q=70	Hisense A4G Series 108 cm (43 inch) Full HD LED Smart Android TV with DTS Virtual X	₹23,990	Netflix|Prime Video|Disney+Hotstar|YoutubeOperating System: AndroidFull HD 1920 x 1080 Pixels20 W Speaker Output60 Hz Refresh Rate2 x HDMI | 2 x USBA+ Grade Ultra Vivid High Contrast Panel2 Years Comprehensive Warranty
https://rukminim1.flixcart.com/image/312/312/kzpw2vk0/television/h/w/t/-original-imagbz2c3v9taknf.jpeg?q=70	MarQ By Flipkart Innoview 108 cm (43 inch) Full HD LED Smart Android TV (43AAFHDM)	₹21,999	Netflix|Disney+Hotstar|YoutubeOperating System: AndroidFull HD 1920 x 1080 Pixels20 W Speaker Output60 Hz Refresh Rate3 x HDMI | 2 x USB1 Year Warranty on Product
https://rukminim1.flixcart.com/image/312/312/l12h1u80/television/d/t/s/-original-imagcppgegr5sy6z.jpeg?q=70	Blaupunkt Cybersound 106 cm (42 inch) Full HD LED Smart Android TV with 40W Speaker	₹19,999	Prime Video|Disney+Hotstar|YoutubeOperating System: AndroidFull HD 1920 x 1080 Pixels40 W Speaker Output60 Hz Refresh Rate3 x HDMI | 2 x USBIPS1 Year Warranty on Product & 6 Months on Accessories
https://rukminim1.flixcart.com/image/312/312/xif0q/television/g/3/f/32ws-cellecor-original-imaggmyfrv55etaq.jpeg?q=70	Cellecor 80 cm (32 inch) Full HD LED Smart Android TV	₹10,499	Netflix|Prime Video|Disney+Hotstar|YoutubeOperating System: AndroidFull HD 1920 x 1080 Pixels20 W Speaker Output60 Hz Refresh Rate2 x HDMI | 2 x USB2 Year Standard Manufacturer Warranty From Cellecor
https://rukminim1.flixcart.com/image/312/312/k7nnrm80/television/x/9/2/coocaa-50s3n-50s3n-original-imafpufykugs546e.jpeg?q=70	Coocaa 127 cm (50 inch) Ultra HD (4K) LED Smart Linux TV	Price: Not Available	Netflix|Prime Video|YoutubeOperating System: LinuxUltra HD (4K) 3840 x 2160 Pixels20 W Speaker Output60 Hz Refresh Rate3 x HDMI | 2 x USBA+Grade panel1 Year Domestic Warranty
https://rukminim1.flixcart.com/image/312/312/kij6f0w0/television/z/y/q/infinix-43x1-original-imafyaprgrmpfjhx.jpeg?q=70	Infinix X1 108 cm (43 inch) Full HD LED Smart Android TV with Eye Care Technology	₹16,999	Netflix|Prime Video|Disney+Hotstar|YoutubeOperating System: AndroidFull HD 1920 x 1080 Pixels24 W Speaker Output60 Hz Refresh Rate3 x HDMI | 2 x USB1 Year Domestic Warranty
https://rukminim1.flixcart.com/image/312/312/kj0bp8w0-0/television/j/2/6/32path0011bl-thomson-original-imafyz3fsc47exdc.jpeg?q=70	Thomson 9A Series 80 cm (32 inch) HD Ready LED Smart Android TV with Bezel Less Display	₹12,999	Prime Video|Disney+Hotstar|YoutubeOperating System: AndroidHD Ready 1366 x 768 Pixels24 W Speaker Output60 Hz Refresh Rate3 x HDMI | 2 x USBA+ Panel1 Year Warranty on Product & 6 Months on Accessories
https://rukminim1.flixcart.com/image/312/312/l26hdow0/television/a/b/j/-original-imagdkzjgq2bq6rm.jpeg?q=70	Hisense A73F 139 cm (55 inch) Ultra HD (4K) LED Smart Android TV with 102W JBL 6 Speakers, Dolby Visio...	₹44,990	Netflix|Prime Video|Disney+Hotstar|YoutubeOperating System: AndroidUltra HD (4K) 3840 x 2160 Pixels102 W Speaker Output60 Hz Refresh Rate3 x HDMI | 2 x USB2 Years Comprehensive Warranty
https://rukminim1.flixcart.com/image/312/312/kjrh2fk0/television/k/w/3/55-oathpro-0101-thomson-original-imafz9g9gjyhtf5h.jpeg?q=70	Thomson OATHPRO Series 139 cm (55 inch) Ultra HD (4K) LED Smart Android TV with Dolby Digital Plus & D...	₹35,999	Netflix|Prime Video|Disney+Hotstar|YoutubeOperating System: AndroidUltra HD (4K) 3840 x 2160 Pixels30 W Speaker Output60 Hz Refresh Rate3 x HDMI | 2 x USBIPS1 Year Warranty on Product & 6 Months on Accessories
https://rukminim1.flixcart.com/image/312/312/kc3p30w0/television/z/b/e/thomson-65-oathpro-2020-original-imaftaquapygjk2w.jpeg?q=70	Thomson OATHPRO Series 164 cm (65 inch) Ultra HD (4K) LED Smart Android TV with Dolby Digital Plus & D...	₹53,999	Netflix|Prime Video|Disney+Hotstar|YoutubeOperating System: AndroidUltra HD (4K) 3840 x 2160 Pixels30 W Speaker Output60 Hz Refresh Rate3 x HDMI | 2 x USBIPS1 Year Warranty on Product & 6 Months on Accessories
https://rukminim1.flixcart.com/image/312/312/kwpam4w0/television/z/o/q/ua32t4450-ua32t4450-samsung-original-imag9bhf3khyggpu.jpeg?q=70	SAMSUNG 80 cm (32 inch) HD Ready LED Smart Tizen TV	₹18,790	Operating System: TizenHD Ready 1,366 x 768 Pixels20 Speaker Output60 Hz Refresh Rate2 x HDMI | 1 x USB1 Year Comprehensive Warranty on Product.
https://rukminim1.flixcart.com/image/312/312/xif0q/television/s/y/p/-original-imaghu2566c3kze2.jpeg?q=70	TCL C715 Series 126 cm (50 inch) QLED Ultra HD (4K) Smart Android TV with Handsfree Voice Control & Do...	₹53,900	Netflix|Disney+Hotstar|YoutubeOperating System: AndroidUltra HD (4K) 3840 x 2160 Pixels30 W Speaker Output60 Hz Refresh Rate3 x HDMI | 2 x USB2 Year Product Warranty
https://rukminim1.flixcart.com/image/312/312/kjlrb0w0-0/television/b/i/g/oled55cxpta-lg-original-imafz4yyntd4jq9x.jpeg?q=70	LG 139 cm (55 inch) OLED Ultra HD (4K) Smart WebOS TV	₹1,34,000	Netflix|Disney+Hotstar|YoutubeOperating System: WebOSUltra HD (4K) 3840 x 2160 Pixels40 W Speaker Output60 Hz Refresh Rate3 x HDMI | 2 x USB1 Year LG India Comprehensive Warranty and additional 1 year Warranty is applicable on Panel/Module from the date of purchase.
https://rukminim1.flixcart.com/image/312/312/kg2l47k0/television/p/k/4/realme-rmv2001-sled-tv-55-original-imafwe38mxfgcf8g.jpeg?q=70	realme SLED 139 cm (55 inch) Ultra HD (4K) LED Smart Android TV	₹48,999	Netflix|Prime Video|Disney+Hotstar|YoutubeOperating System: AndroidUltra HD (4K) 3840 x 2160 Pixels24 W Speaker Output60 Hz Refresh Rate3 x HDMI | 2 x USBSLED LED1 Year Domestic Warranty and 2  Years on Panel
https://rukminim1.flixcart.com/image/312/312/kjiwfbk0-0/television/a/w/h/43uhdx7xpro-kodak-original-imafz2zfaqxhesmk.jpeg?q=70	KODAK 7X Pro 108 cm (43 inch) Ultra HD (4K) LED Smart Android TV	₹21,999	Prime Video|Disney+Hotstar|YoutubeOperating System: AndroidUltra HD (4K) 3840 x 2160 Pixels24 W Speaker Output60 Hz Refresh Rate3 x HDMI | 2 x USBIPS1 Year Warranty on Product & 6 Months on Accessories
https://rukminim1.flixcart.com/image/312/312/kz4gh3k0/television/7/z/j/-original-imagb782vzrt7dyq.jpeg?q=70	Coocaa 80 cm (32 inch) HD Ready LED Smart Android TV with HDR 10 Dolby Audio and Eye Care Technology	₹9,999	Netflix|Disney+Hotstar|YoutubeOperating System: AndroidHD Ready 1366 x 768 Pixels20 W Speaker Output60 Hz Refresh Rate2 x HDMI | 2 x USBVA Panel1 Year Domestic Warranty
https://rukminim1.flixcart.com/image/312/312/k7xnukw0/television/9/z/p/iffalcon-1080p-wide-angle-12mp-waterproof-under-water-portable-original-imafq2fncukhwrc4.jpeg?q=70	iFFALCON by TCL 100.3 cm (40 inch) Full HD LED Smart Android TV with Google assistant search and Dolby...	₹18,999	Netflix|Disney+Hotstar|YoutubeOperating System: AndroidFull HD 1920 x 1080 Pixels20 W Speaker Output60 Hz Refresh Rate2 x HDMI | 1 x USBA+ Grade Panel1 Year Domestic Warranty
https://rukminim1.flixcart.com/image/312/312/xif0q/television/5/e/s/-original-imaghzmvbh9zrfdr.jpeg?q=70	LG UQ8020 164 cm (65 inch) Ultra HD (4K) LED Smart WebOS TV 2022 Edition	₹88,094	Netflix|Prime Video|Disney+Hotstar|YoutubeOperating System: WebOSUltra HD (4K) 3840 x 2160 Pixels20 W Speaker Output60 Hz Refresh Rate3 x HDMI | 2 x USB1 Year LG India Comprehensive Warranty and additional 1 year Warranty is applicable on Panel/Module from the date of purchase.
https://rukminim1.flixcart.com/image/312/312/l5fnhjk0/television/e/i/7/-original-imagg45hzzyhrkzq.jpeg?q=70	Hisense A4G Series 80 cm (32 inch) HD Ready LED Smart Android TV with DTS Virtual X	₹12,990	Netflix|Prime Video|Disney+Hotstar|YoutubeOperating System: AndroidHD Ready 1366 x 768 Pixels20 W Speaker Output60 Hz Refresh Rate2 x HDMI | 2 x USBIPS, A+ Grade Ultra Vivid High Contrast Panel1 Year Comprehensive Warranty
https://rukminim1.flixcart.com/image/312/312/l3xcr680/television/d/h/y/-original-imagexnsrn6af5gu.jpeg?q=70	Nokia 109 cm (43 inch) Ultra HD (4K) LED Smart Android TV with Dolby Atmos and Dolby Vision	₹31,999	Netflix|Prime Video|Disney+Hotstar|YoutubeOperating System: AndroidUltra HD (4K) 3840 x 2160 Pixels24 W Speaker Output60 Hz Refresh Rate3 x HDMI | 2 x USBVA Type Panel1 Year Warranty on Product
https://rukminim1.flixcart.com/image/312/312/xif0q/television/g/w/c/-original-imagghv7nf6whnvw.jpeg?q=70	Hisense U6G Series 139 cm (55 inch) QLED Ultra HD (4K) Smart Android TV With Full Array Local Dimming	₹49,990	Netflix|Prime Video|Disney+Hotstar|YoutubeOperating System: AndroidUltra HD (4K) 3840 x 2160 Pixels24 W Speaker Output60 Hz Refresh Rate3 x HDMI | 2 x USBA+ Grade2 Years Comprehensive Warranty
https://rukminim1.flixcart.com/image/312/312/l3dcl8w0/television/y/j/f/-original-imageg44rmug6gqt.jpeg?q=70	Xiaomi OLED Vision 138.8 cm (55 inches) 4K Ultra HD Smart Android TV with Dolby Vision IQ and Dolby At...	₹94,999	Netflix|Prime Video|Disney+Hotstar|YoutubeOperating System: AndroidUltra HD (4K) 3840 x 2160 Pixels30 W Speaker Output60 Hz Refresh Rate3 x HDMI | 2 x USB1 Year Warranty on Product and 2 Years for Panel
