Phone Image	Phone Names	Phone Prices	Phone Details
https://rukminim1.flixcart.com/image/312/312/l3dcl8w0/mobile/x/v/b/-original-imagehxyyrzqtkmh.jpeg?q=70	Infinix HOT 12 Play (Champagne Gold, 64 GB)	₹8,199	4 GB RAM | 64 GB ROM | Expandable Upto 256 GB17.32 cm (6.82 inch) HD+ Display13MP + Depth Lens | 8MP Front Camera6000 mAh Li-ion Polymer BatteryUnisoc T610 Processor1 Year on Handset And 6 Months on Accessories
https://rukminim1.flixcart.com/image/312/312/l3dcl8w0/mobile/j/o/x/-original-imagehxy5hzshkdv.jpeg?q=70	Infinix HOT 12 Play (Horizon Blue, 64 GB)	₹8,199	4 GB RAM | 64 GB ROM | Expandable Upto 256 GB17.32 cm (6.82 inch) HD+ Display13MP + Depth Lens | 8MP Front Camera6000 mAh Li-ion Polymer BatteryUnisoc T610 Processor1 Year on Handset And 6 Months on Accessories
https://rukminim1.flixcart.com/image/312/312/l2jcccw0/mobile/h/x/3/-original-imagduwqakhhkrse.jpeg?q=70	OPPO K10 (Blue Flame, 128 GB)	₹13,490	6 GB RAM | 128 GB ROM | Expandable Upto 1 TB16.74 cm (6.59 inch) Full HD+ Display50MP + 2MP + 2MP | 16MP Front Camera5000 mAh Lithium Ion BatteryQualcomm Snapdragon 680 Processor33W SUPERVOOC Charger | Dual Speaker | Super Adaptive Refresh RateAI Photo Suite | OPPO Glow Design with Dirt and Scratch Resistant1 Year Manufacturer Warranty for Phone and 6 Months Warranty for In-Box Accessories
https://rukminim1.flixcart.com/image/312/312/xif0q/mobile/7/9/b/k401-k401-i-kall-original-imaggz5aszxrcgpw.jpeg?q=70	I Kall K401 (Green, 64 GB)	₹6,649	4 GB RAM | 64 GB ROM | Expandable Upto 64 GB15.9 cm (6.26 inch) Display16MP Rear Camera | 13MP Front Camera4000 mAh Battery1 year manufacturing warranty for mobile and 6 months for box accessories
https://rukminim1.flixcart.com/image/312/312/l3dcl8w0/mobile/c/q/t/-original-imageg2rjgezh6yf.jpeg?q=70	Infinix HOT 12 Play (Daylight Green, 64 GB)	₹8,199	4 GB RAM | 64 GB ROM | Expandable Upto 256 GB17.32 cm (6.82 inch) HD+ Display13MP + Depth Lens | 8MP Front Camera6000 mAh Li-ion Polymer BatteryUnisoc T610 Processor1 Year on Handset And 6 Months on Accessories
https://rukminim1.flixcart.com/image/312/312/l3dcl8w0/mobile/y/f/b/-original-imageg2qrjbhfqyb.jpeg?q=70	Infinix HOT 12 Play (Racing Black, 64 GB)	₹8,199	4 GB RAM | 64 GB ROM | Expandable Upto 256 GB17.32 cm (6.82 inch) HD+ Display13MP + Depth Lens | 8MP Front Camera6000 mAh Li-ion Polymer BatteryUnisoc T610 Processor1 Year on Handset And 6 Months on Accessories
https://rukminim1.flixcart.com/image/312/312/l2jcccw0/mobile/h/x/3/-original-imagduwqakhhkrse.jpeg?q=70	OPPO K10 (Black Carbon, 128 GB)	₹13,490	6 GB RAM | 128 GB ROM | Expandable Upto 1 TB16.74 cm (6.59 inch) Full HD+ Display50MP + 2MP + 2MP | 16MP Front Camera5000 mAh Lithium Ion BatteryQualcomm Snapdragon 680 Processor33W SUPERVOOC Charger | Dual Speaker | Super Adaptive Refresh RateAI Photo Suite | OPPO Glow Design with Dirt and Scratch Resistant1 Year Manufacturer Warranty for Phone and 6 Months Warranty for In-Box Accessories
https://rukminim1.flixcart.com/image/312/312/kqqykcw0/mobile/p/y/u/galaxy-f22-sm-e225fzkhins-samsung-original-imag4z99fagskjxd.jpeg?q=70	SAMSUNG Galaxy F22 (Denim Black, 64 GB)	₹11,499	4 GB RAM | 64 GB ROM | Expandable Upto 1 TB16.26 cm (6.4 inch) HD+ Display48MP + 8MP + 2MP + 2MP | 13MP Front Camera6000 mAh Lithium-ion BatteryMediaTek Helio G80 Processor1 Year Warranty Provided by the Manufacturer from Date of Purchase
https://rukminim1.flixcart.com/image/312/312/kqqykcw0/mobile/j/5/7/galaxy-f22-sm-e225flbdins-samsung-original-imag4z99fp4qdfby.jpeg?q=70	SAMSUNG Galaxy F22 (Denim Blue, 64 GB)	₹11,499	4 GB RAM | 64 GB ROM | Expandable Upto 1 TB16.26 cm (6.4 inch) HD+ Display48MP + 8MP + 2MP + 2MP | 13MP Front Camera6000 mAh Lithium-ion BatteryMediaTek Helio G80 Processor1 Year Warranty Provided by the Manufacturer from Date of Purchase
https://rukminim1.flixcart.com/image/312/312/l4ln8nk0/mobile/p/h/p/-original-imagfggryyzyvhgw.jpeg?q=70	realme C30 (Bamboo Green, 32 GB)	₹7,999	3 GB RAM | 32 GB ROM | Expandable Upto 1 TB16.51 cm (6.5 inch) HD+ Display8MP Rear Camera | 5MP Front Camera5000 mAh Lithium Ion BatteryUnisoc T612 Processor1 Year Manufacturer Warranty for Phone and 6 Months Warranty for In-Box Accessories
https://rukminim1.flixcart.com/image/312/312/l4ln8nk0/mobile/f/6/a/-original-imagfggrbywzk8r6.jpeg?q=70	realme C30 (Denim Black, 32 GB)	₹6,799	2 GB RAM | 32 GB ROM | Expandable Upto 1 TB16.51 cm (6.5 inch) HD+ Display8MP Rear Camera | 5MP Front Camera5000 mAh Lithium Ion BatteryUnisoc T612 Processor1 Year Manufacturer Warranty for Phone and 6 Months Warranty for In-Box Accessories
https://rukminim1.flixcart.com/image/312/312/l0o6nbk0/mobile/y/s/e/-original-imagceu559m75mks.jpeg?q=70	MOTOROLA G60 (Moonless, 128 GB)	₹14,999	6 GB RAM | 128 GB ROM17.22 cm (6.78 inch) Full HD+ Display108MP + 8MP + 2MP | 32MP Front Camera6000 mAh BatteryQualcomm Snapdragon 732G Processor120Hz Refresh RateStock Android Experience1 Year on Handset and 6 Months on Accessories
https://rukminim1.flixcart.com/image/312/312/l2jcccw0/mobile/h/x/3/-original-imagduwqakhhkrse.jpeg?q=70	OPPO K10 (Black Carbon, 128 GB)	₹15,490	8 GB RAM | 128 GB ROM | Expandable Upto 1 TB16.74 cm (6.59 inch) Full HD+ Display50MP + 2MP + 2MP | 16MP Front Camera5000 mAh Lithium Ion BatteryQualcomm Snapdragon 680 Processor33W SUPERVOOC Charger | Dual Speaker | Super Adaptive Refresh RateAI Photo Suite | OPPO Glow Design with Dirt and Scratch Resistant1 Year Manufacturer Warranty for Phone and 6 Months Warranty for In-Box Accessories
https://rukminim1.flixcart.com/image/312/312/l1dwknk0/mobile/p/r/0/-original-imagcyj2prahc4pk.jpeg?q=70	realme C31 (Dark Green, 32 GB)	₹8,299	3 GB RAM | 32 GB ROM | Expandable Upto 1 TB16.56 cm (6.52 inch) HD Display13MP + 2MP + 0.3MP | 5MP Front Camera5000 mAh BatteryUnisoc T612 Processor1 Year Warranty for Phone and 6 Months Warranty for In-Box Accessories
https://rukminim1.flixcart.com/image/312/312/l1dwknk0/mobile/f/t/x/-original-imagcyj4unsxhadw.jpeg?q=70	realme C31 (Light Silver, 32 GB)	₹8,299	3 GB RAM | 32 GB ROM | Expandable Upto 1 TB16.56 cm (6.52 inch) HD Display13MP + 2MP + 0.3MP | 5MP Front Camera5000 mAh BatteryUnisoc T612 Processor1 Year Warranty for Phone and 6 Months Warranty for In-Box Accessories
https://rukminim1.flixcart.com/image/312/312/kqqykcw0/mobile/j/5/7/galaxy-f22-sm-e225flbdins-samsung-original-imag4z99fp4qdfby.jpeg?q=70	SAMSUNG Galaxy F22 (Denim Blue, 128 GB)	₹13,499	6 GB RAM | 128 GB ROM | Expandable Upto 1 TB16.26 cm (6.4 inch) HD+ Display48MP + 8MP + 2MP + 2MP | 13MP Front Camera6000 mAh Lithium-ion BatteryMediaTek Helio G80 Processor1 Year Warranty Provided by the Manufacturer from Date of Purchase
https://rukminim1.flixcart.com/image/312/312/l4ln8nk0/mobile/p/h/p/-original-imagfggryyzyvhgw.jpeg?q=70	realme C30 (Bamboo Green, 32 GB)	₹6,799	2 GB RAM | 32 GB ROM | Expandable Upto 1 TB16.51 cm (6.5 inch) HD+ Display8MP Rear Camera | 5MP Front Camera5000 mAh Lithium Ion BatteryUnisoc T612 Processor1 Year Manufacturer Warranty for Phone and 6 Months Warranty for In-Box Accessories
https://rukminim1.flixcart.com/image/312/312/l4ln8nk0/mobile/4/8/h/-original-imagfggrvjdqsrtx.jpeg?q=70	realme C30 (Lake Blue, 32 GB)	₹6,799	2 GB RAM | 32 GB ROM | Expandable Upto 1 TB16.51 cm (6.5 inch) HD+ Display8MP Rear Camera | 5MP Front Camera5000 mAh Lithium Ion BatteryUnisoc T612 Processor1 Year Manufacturer Warranty for Phone and 6 Months Warranty for In-Box Accessories
https://rukminim1.flixcart.com/image/312/312/l3t2fm80/mobile/6/w/7/-original-imageu8cuhfumfw7.jpeg?q=70	realme 9 (Sunburst Gold, 128 GB)	₹14,499	6 GB RAM | 128 GB ROM | Expandable Upto 256 GB16.26 cm (6.4 inch) Full HD+ AMOLED Display108MP + 8MP + 2MP | 16MP Front Camera5000 mAh Lithium Ion BatteryQualcomm Snapdragon 680 Processor1 Year Manufacturer Warranty for Phone and 6 Months Warranty for In-Box Accessories
https://rukminim1.flixcart.com/image/312/312/l0r1j0w0/mobile/k/b/o/-original-imagch26hyzhgn9v.jpeg?q=70	Nokia 105 SS	₹1,299	32 MB RAM | 32 MB ROM4.5 cm (1.77 inch) QVGA Display0MP Front Camera800 mAh Lithium Ion BatterySC6531E Processor1 Year Manufacturer Warranty for Device and 6 Months Manufacturer Warranty for In-box Accessories Including Battery from the Date of Purchase
https://rukminim1.flixcart.com/image/312/312/xif0q/mobile/u/p/3/-original-imagh9anjdvxdtfb.jpeg?q=70	Realme C30 - Locked with Airtel Prepaid (Bamboo Green, 32 GB)	₹6,199	2 GB RAM | 32 GB ROM | Expandable Upto 1 TB16.51 cm (6.5 inch) HD+ Display8MP Rear Camera | 5MP Front Camera5000 mAh Lithium Ion BatteryUnisoc T612 Processor1 Year Manufacturer Warranty for Phone and 6 Months Warranty for In-Box Accessories
https://rukminim1.flixcart.com/image/312/312/l1dwknk0/mobile/p/r/0/-original-imagcyj2prahc4pk.jpeg?q=70	realme C31 (Dark Green, 64 GB)	₹9,499	4 GB RAM | 64 GB ROM | Expandable Upto 1 TB16.56 cm (6.52 inch) HD Display13MP + 2MP + 0.3MP | 5MP Front Camera5000 mAh BatteryUnisoc T612 Processor1 Year Warranty for Phone and 6 Months Warranty for In-Box Accessories
https://rukminim1.flixcart.com/image/312/312/l1dwknk0/mobile/f/t/x/-original-imagcyj4unsxhadw.jpeg?q=70	realme C31 (Light Silver, 64 GB)	₹9,499	4 GB RAM | 64 GB ROM | Expandable Upto 1 TB16.56 cm (6.52 inch) HD Display13MP + 2MP + 0.3MP | 5MP Front Camera5000 mAh BatteryUnisoc T612 Processor1 Year Warranty for Phone and 6 Months Warranty for In-Box Accessories
https://rukminim1.flixcart.com/image/312/312/l1l1rww0/mobile/v/7/n/-original-imagd48zkjwujxzz.jpeg?q=70	MOTOROLA e40 (Carbon Gray, 64 GB)	₹8,999	4 GB RAM | 64 GB ROM | Expandable Upto 1 TB16.51 cm (6.5 inch) HD+ Display48MP + 2MP + 2MP | 8MP Front Camera5000 mAh BatteryUNISOC T700 Processor1 Year on Handset and 6 Months on Accessories
https://rukminim1.flixcart.com/image/312/312/l4ln8nk0/mobile/f/6/a/-original-imagfggrbywzk8r6.jpeg?q=70	realme C30 (Denim Black, 32 GB)	₹7,999	3 GB RAM | 32 GB ROM | Expandable Upto 1 TB16.51 cm (6.5 inch) HD+ Display8MP Rear Camera | 5MP Front Camera5000 mAh Lithium Ion BatteryUnisoc T612 Processor1 Year Manufacturer Warranty for Phone and 6 Months Warranty for In-Box Accessories
https://rukminim1.flixcart.com/image/312/312/l3t2fm80/mobile/6/w/7/-original-imageu8cuhfumfw7.jpeg?q=70	realme 9 (Sunburst Gold, 128 GB)	₹17,999	8 GB RAM | 128 GB ROM | Expandable Upto 256 GB16.26 cm (6.4 inch) Full HD+ AMOLED Display108MP + 8MP + 2MP | 16MP Front Camera5000 mAh Lithium Ion BatteryQualcomm Snapdragon 680 Processor1 Year Manufacturer Warranty for Phone and 6 Months Warranty for In-Box Accessories
https://rukminim1.flixcart.com/image/312/312/xif0q/mobile/c/o/z/-original-imaggvx8xndbbssj.jpeg?q=70	Infinix Smart 6 HD (Aqua Sky, 32 GB)	₹6,199	2 GB RAM | 32 GB ROM | Expandable Upto 512 GB16.76 cm (6.6 inch) HD+ Display8MP Rear Camera | 5MP Front Camera5000 mAh Lithium-ion Polymer BatteryMediatek Helio A22 Processor1 Year on Handset and 6 Months on Accessories
https://rukminim1.flixcart.com/image/312/312/xif0q/mobile/7/9/b/k401-k401-i-kall-original-imaggz5aszxrcgpw.jpeg?q=70	I Kall K401 (Green, 64 GB)	₹6,649	4 GB RAM | 64 GB ROM | Expandable Upto 64 GB15.9 cm (6.26 inch) Display16MP Rear Camera | 13MP Front Camera4000 mAh Battery1 year manufacturing warranty for mobile and 6 months for box accessories
https://rukminim1.flixcart.com/image/312/312/xif0q/mobile/f/y/1/-original-imaggvxcnyfnfude.jpeg?q=70	Infinix Smart 6 HD (Force Black, 32 GB)	₹6,199	2 GB RAM | 32 GB ROM | Expandable Upto 512 GB16.76 cm (6.6 inch) HD+ Display8MP Rear Camera | 5MP Front Camera5000 mAh Lithium-ion Polymer BatteryMediatek Helio A22 Processor1 Year on Handset and 6 Months on Accessories
https://rukminim1.flixcart.com/image/312/312/xif0q/mobile/l/l/w/-original-imaghafu8wqnkyvc.jpeg?q=70	Realme C30 - Locked with Airtel Prepaid (Lake Blue, 32 GB)	₹6,199	2 GB RAM | 32 GB ROM | Expandable Upto 1 TB16.51 cm (6.5 inch) HD+ Display8MP Rear Camera | 5MP Front Camera5000 mAh Lithium Ion BatteryUnisoc T612 Processor1 Year Manufacturer Warranty for Phone and 6 Months Warranty for In-Box Accessories
https://rukminim1.flixcart.com/image/312/312/l2f20sw0/mobile/b/u/0/-original-imagdrsysyqztnhh.jpeg?q=70	Infinix Smart 6 (Light Sea Green, 64 GB)	₹6,499	2 GB RAM | 64 GB ROM | Expandable Upto 512 GB16.76 cm (6.6 inch) HD+ Display8 MP + Depth Lens | 5MP Front Camera5000 mAh Li-ion Polymer BatteryMediatek Helio A22 Processor1 Year on Handset and 6 Months on Accessories
https://rukminim1.flixcart.com/image/312/312/l1l1rww0/mobile/j/e/u/-original-imagd48zzrkcjfn2.jpeg?q=70	MOTOROLA g31 (Baby Blue, 64 GB)	₹10,499	4 GB RAM | 64 GB ROM | Expandable Upto 1 TB16.26 cm (6.4 Inch) Full HD+ Display50MP + 8MP + 2MP | 13MP Front Camera5000 mAh LiPo BatteryMediatek Helio G85 Processor1 Year on Handset and 6 Months on Accessories
https://rukminim1.flixcart.com/image/312/312/l3929ow0/mobile/x/l/a/-original-imageezmsz9z24at.jpeg?q=70	Infinix Note 12 (Force Black, 64 GB)	₹9,999	4 GB RAM | 64 GB ROM | Expandable Upto 512 GB17.02 cm (6.7 inch) Full HD+ AMOLED Display50MP + 2MP Depth + AI Lens | 16MP Front Camera5000 mAh Li-ion Polymer BatteryMediaTek Helio G88 Processor1 Year on Handset and 6 Months on Accessories
https://rukminim1.flixcart.com/image/312/312/kzogn0w0/mobile/u/v/p/-original-imagbmf3zehwydcw.jpeg?q=70	realme 9 Pro+ 5G (Aurora Green, 256 GB)	₹26,999	8 GB RAM | 256 GB ROM16.26 cm (6.4 inch) Full HD+ AMOLED Display50MP + 8MP + 2MP | 16MP Front Camera4500 mAh Li-ion BatteryMediatek Dimensity 920 Processor1 Year Warranty for Phone and 6 Months Warranty for In-Box Accessories
https://rukminim1.flixcart.com/image/312/312/l0jwbrk0/mobile/e/f/b/-original-imagcb64e6mywt9j.jpeg?q=70	realme 9 5G (Meteor Black, 64 GB)	₹15,999	4 GB RAM | 64 GB ROM | Expandable Upto 1 TB16.51 cm (6.5 inch) Full HD+ Display48MP + 2MP + 2MP | 16MP Front Camera5000 mAh Lithium Polymer BatteryMediatek Dimensity 810 Processor1 Year Warranty for Phone and 6 Months Warranty for In-Box Accessories
https://rukminim1.flixcart.com/image/312/312/l0jwbrk0/mobile/a/p/r/-original-imagcb64gwkhzdk5.jpeg?q=70	realme 9 5G (Stargaze White, 64 GB)	₹15,999	4 GB RAM | 64 GB ROM | Expandable Upto 1 TB16.51 cm (6.5 inch) Full HD+ Display48MP + 2MP + 2MP | 16MP Front Camera5000 mAh Lithium Polymer BatteryMediatek Dimensity 810 Processor1 Year Warranty for Phone and 6 Months Warranty for In-Box Accessories
https://rukminim1.flixcart.com/image/312/312/l2p23rk0/mobile/x/b/y/-original-imagdznhnzmzfbwx.jpeg?q=70	vivo T1 44W (Midnight Galaxy, 128 GB)	₹14,499	4 GB RAM | 128 GB ROM | Expandable Upto 1 TB16.36 cm (6.44 inch) Full HD+ AMOLED Display50MP + 2MP + 2MP | 16MP Front Camera5000 mAh Lithium BatteryQualcomm Snapdragon 680 Processor1 Year Handset and 6 Months Accessories
https://rukminim1.flixcart.com/image/312/312/l4fxh8w0/mobile/l/l/4/-original-imagfc56zazhvbfq.jpeg?q=70	realme 9 5G (Supersonic Black, 64 GB)	₹15,999	4 GB RAM | 64 GB ROM | Expandable Upto 1 TB16.51 cm (6.5 inch) Full HD+ Display48MP + 2MP + 2MP | 16MP Front Camera5000 mAh Lithium Polymer BatteryMediatek Dimensity 810 Processor1 Year Warranty for Phone and 6 Months Warranty for In-Box Accessories
https://rukminim1.flixcart.com/image/312/312/l4fxh8w0/mobile/o/q/j/-original-imagfc55exgt8eey.jpeg?q=70	realme 9 5G (Supersonic Blue, 64 GB)	₹15,999	4 GB RAM | 64 GB ROM | Expandable Upto 1 TB16.51 cm (6.5 inch) Full HD+ Display48MP + 2MP + 2MP | 16MP Front Camera5000 mAh Lithium Polymer BatteryMediatek Dimensity 810 Processor1 Year Warranty for Phone and 6 Months Warranty for In-Box Accessories
https://rukminim1.flixcart.com/image/312/312/l2p23rk0/mobile/v/w/i/-original-imagdznhbgw63xhv.jpeg?q=70	vivo T1 44W (Ice Dawn, 128 GB)	₹14,499	4 GB RAM | 128 GB ROM | Expandable Upto 1 TB16.36 cm (6.44 inch) Full HD+ AMOLED Display50MP + 2MP + 2MP | 16MP Front Camera5000 mAh Lithium BatteryQualcomm Snapdragon 680 Processor1 Year Handset and 6 Months Accessories
https://rukminim1.flixcart.com/image/312/312/l3929ow0/mobile/v/w/k/-original-imageezmre8ymznn.jpeg?q=70	Infinix Note 12 (Jewel Blue, 64 GB)	₹9,999	4 GB RAM | 64 GB ROM | Expandable Upto 512 GB17.02 cm (6.7 inch) Full HD+ AMOLED Display50MP + 2MP Depth + AI Lens | 16MP Front Camera5000 mAh Li-ion Polymer BatteryMediaTek Helio G88 Processor1 Year on Handset and 6 Months on Accessories
https://rukminim1.flixcart.com/image/312/312/ky90scw0/mobile/s/5/d/-original-imagagnfgh6ed7tp.jpeg?q=70	realme 9i (Prism Blue, 128 GB)	₹12,999	4 GB RAM | 128 GB ROM | Expandable Upto 1 TB16.76 cm (6.6 inch) Full HD+ Display50MP + 2MP + 2MP | 16MP Front Camera5000 mAh Lithium ion BatteryQualcomm Snapdragon 680 (SM6225) Processor1 Year Manufacturer Warranty for Phone and 6 Months Warranty for in the Box Accessories
https://rukminim1.flixcart.com/image/312/312/ky90scw0/mobile/m/r/u/-original-imagagnffruu7ptd.jpeg?q=70	realme 9i (Prism Black, 128 GB)	₹12,999	4 GB RAM | 128 GB ROM | Expandable Upto 1 TB16.76 cm (6.6 inch) Full HD+ Display50MP + 2MP + 2MP | 16MP Front Camera5000 mAh Lithium ion BatteryQualcomm Snapdragon 680 (SM6225) Processor1 Year Manufacturer Warranty for Phone and 6 Months Warranty for in the Box Accessories
https://rukminim1.flixcart.com/image/312/312/l2p23rk0/mobile/s/4/3/-original-imagdznhcbdfwfud.jpeg?q=70	vivo T1 44W (Starry Sky, 128 GB)	₹14,499	4 GB RAM | 128 GB ROM | Expandable Upto 1 TB16.36 cm (6.44 inch) Full HD+ AMOLED Display50MP + 2MP + 2MP | 16MP Front Camera5000 mAh Lithium BatteryQualcomm Snapdragon 680 Processor1 Year Handset and 6 Months Accessories
https://rukminim1.flixcart.com/image/312/312/kzogn0w0/mobile/t/2/y/-original-imagbmf26xbmzhk7.jpeg?q=70	realme 9 Pro 5G (Aurora Green, 128 GB)	₹16,999	6 GB RAM | 128 GB ROM | Expandable Upto 256 GB16.76 cm (6.6 inch) Full HD+ Display64MP + 8MP + 2MP | 16MP Front Camera5000 mAh Li-ion BatteryQualcomm Snapdragon 695 Processor1 Year Warranty for Phone and 6 Months Warranty for In-Box Accessories
https://rukminim1.flixcart.com/image/312/312/ktx9si80/mobile/d/n/p/narzo-50a-rmx3430-realme-original-imag75kymngzyabx.jpeg?q=70	realme Narzo 50A (Oxygen Blue, 64 GB)	₹9,999	4 GB RAM | 64 GB ROM | Expandable Upto 256 GB16.51 cm (6.5 inch) HD+ Display50MP + 2MP + 2MP | 8MP Front Camera6000 mAh BatteryMediaTek Helio G85 Processor1 Year Warranty for Mobile and 6 Months for Accessories
https://rukminim1.flixcart.com/image/312/312/ktx9si80/mobile/d/n/p/narzo-50a-rmx3430-realme-original-imag75kymngzyabx.jpeg?q=70	realme Narzo 50A (Oxygen Blue, 128 GB)	₹11,110	4 GB RAM | 128 GB ROM | Expandable Upto 256 GB16.51 cm (6.5 inch) HD+ Display50MP + 2MP + 2MP | 8MP Front Camera6000 mAh BatteryMediaTek Helio G85 Processor1 Year Warranty for Mobile and 6 Months for Accessories
https://rukminim1.flixcart.com/image/312/312/l2ghgnk0/mobile/k/d/j/-original-imagdsg97gyxpqwz.jpeg?q=70	Infinix Smart 6 (Heart Of Ocean, 64 GB)	₹6,499	2 GB RAM | 64 GB ROM | Expandable Upto 512 GB16.76 cm (6.6 inch) HD+ Display8 MP + Depth Lens | 5MP Front Camera5000 mAh Li-ion Polymer BatteryMediatek Helio A22 Processor1 Year on Handset and 6 Months on Accessories
https://rukminim1.flixcart.com/image/312/312/l0jwbrk0/mobile/a/p/r/-original-imagcb64gwkhzdk5.jpeg?q=70	realme 9 5G (Stargaze White, 128 GB)	₹15,999	6 GB RAM | 128 GB ROM | Expandable Upto 1 TB16.51 cm (6.5 inch) Full HD+ Display48MP + 2MP + 2MP | 16MP Front Camera5000 mAh Lithium Polymer BatteryMediatek Dimensity 810 Processor1 Year Warranty for Phone and 6 Months Warranty for In-Box Accessories
https://rukminim1.flixcart.com/image/312/312/l0jwbrk0/mobile/e/f/b/-original-imagcb64e6mywt9j.jpeg?q=70	realme 9 5G (Meteor Black, 128 GB)	₹15,999	6 GB RAM | 128 GB ROM | Expandable Upto 1 TB16.51 cm (6.5 inch) Full HD+ Display48MP + 2MP + 2MP | 16MP Front Camera5000 mAh Lithium Polymer BatteryMediatek Dimensity 810 Processor1 Year Warranty for Phone and 6 Months Warranty for In-Box Accessories
https://rukminim1.flixcart.com/image/312/312/l4ln8nk0/mobile/4/8/h/-original-imagfggrvjdqsrtx.jpeg?q=70	realme C30 (Lake Blue, 32 GB)	₹7,999	3 GB RAM | 32 GB ROM | Expandable Upto 1 TB16.51 cm (6.5 inch) HD+ Display8MP Rear Camera | 5MP Front Camera5000 mAh Lithium Ion BatteryUnisoc T612 Processor1 Year Manufacturer Warranty for Phone and 6 Months Warranty for In-Box Accessories
https://rukminim1.flixcart.com/image/312/312/xif0q/mobile/7/9/b/k401-k401-i-kall-original-imaggz5aszxrcgpw.jpeg?q=70	I Kall K401 (Green, 64 GB)	₹6,649	4 GB RAM | 64 GB ROM | Expandable Upto 64 GB15.9 cm (6.26 inch) Display16MP Rear Camera | 13MP Front Camera4000 mAh Battery1 year manufacturing warranty for mobile and 6 months for box accessories
https://rukminim1.flixcart.com/image/312/312/kzogn0w0/mobile/v/c/v/-original-imagbmf2gztrhvzr.jpeg?q=70	realme 9 Pro 5G (Sunrise Blue, 128 GB)	₹18,999	8 GB RAM | 128 GB ROM | Expandable Upto 256 GB16.76 cm (6.6 inch) Full HD+ Display64MP + 8MP + 2MP | 16MP Front Camera5000 mAh Li-ion BatteryQualcomm Snapdragon 695 Processor1 Year Warranty for Phone and 6 Months Warranty for In-Box Accessories
https://rukminim1.flixcart.com/image/312/312/ktx9si80/mobile/s/o/j/narzo-50i-rmx3231-realme-original-imag75h86v5thnzy.jpeg?q=70	realme Narzo 50i (Mint Green, 32 GB)	₹6,799	2 GB RAM | 32 GB ROM | Expandable Upto 256 GB16.51 cm (6.5 inch) Display8MP Rear Camera | 5MP Front Camera5000 mAh BatterySC9863A Processor1 Year Warranty for Mobile and 6 Months for Accessories
https://rukminim1.flixcart.com/image/312/312/l3t2fm80/mobile/7/w/5/-original-imageu8c4ae9sezr.jpeg?q=70	realme 9 (Meteor Black, 128 GB)	₹14,499	6 GB RAM | 128 GB ROM | Expandable Upto 256 GB16.26 cm (6.4 inch) Full HD+ AMOLED Display108MP + 8MP + 2MP | 16MP Front Camera5000 mAh Lithium Ion BatteryQualcomm Snapdragon 680 Processor1 Year Manufacturer Warranty for Phone and 6 Months Warranty for In-Box Accessories
https://rukminim1.flixcart.com/image/312/312/ktx9si80/mobile/q/a/c/narzo-50a-rmx3430-realme-original-imag75kybaer8scz.jpeg?q=70	realme Narzo 50A (Oxygen Green, 64 GB)	₹9,999	4 GB RAM | 64 GB ROM | Expandable Upto 256 GB16.51 cm (6.5 inch) HD+ Display50MP + 2MP + 2MP | 8MP Front Camera6000 mAh BatteryMediaTek Helio G85 Processor1 Year Warranty for Mobile and 6 Months for Accessories
https://rukminim1.flixcart.com/image/312/312/l4d2ljk0/mobile/x/d/z/-original-imagf9wt5emzsjqz.jpeg?q=70	OPPO K10 5G (Ocean Blue, 128 GB)	₹17,499	8 GB RAM | 128 GB ROM | Expandable Upto 1 TB16.66 cm (6.56 inch) HD+ Display48MP + 2MP | 8MP Front Camera5000 mAh Lithium Ion Polymer BatteryMediatek Dimensity 810 Processor1 Year Manufacturer Warranty for Phone and 6 Months Warranty for In-Box Accessories
https://rukminim1.flixcart.com/image/312/312/l4d2ljk0/mobile/z/i/s/-original-imagf9wt7v5pugmy.jpeg?q=70	OPPO K10 5G (Midnight Black, 128 GB)	₹17,499	8 GB RAM | 128 GB ROM | Expandable Upto 1 TB16.66 cm (6.56 inch) HD+ Display48MP + 2MP | 8MP Front Camera5000 mAh Lithium Ion Polymer BatteryMediatek Dimensity 810 Processor1 Year Manufacturer Warranty for Phone and 6 Months Warranty for In-Box Accessories
https://rukminim1.flixcart.com/image/312/312/l4d2ljk0/mobile/x/d/z/-original-imagf9wt5emzsjqz.jpeg?q=70	OPPO K10 5G (Ocean Blue, 128 GB)	₹16,499	6 GB RAM | 128 GB ROM | Expandable Upto 1 TB16.66 cm (6.56 inch) HD+ Display48MP + 2MP | 8MP Front Camera5000 mAh Lithium Ion Polymer BatteryMediatek Dimensity 810 Processor1 Year Manufacturer Warranty for Phone and 6 Months Warranty for In-Box Accessories
https://rukminim1.flixcart.com/image/312/312/l4d2ljk0/mobile/z/i/s/-original-imagf9wt7v5pugmy.jpeg?q=70	OPPO K10 5G (Midnight Black, 128 GB)	₹16,499	6 GB RAM | 128 GB ROM | Expandable Upto 1 TB16.66 cm (6.56 inch) HD+ Display48MP + 2MP | 8MP Front Camera5000 mAh Lithium Ion Polymer BatteryMediatek Dimensity 810 Processor1 Year Manufacturer Warranty for Phone and 6 Months Warranty for In-Box Accessories
https://rukminim1.flixcart.com/image/312/312/l2p23rk0/mobile/v/w/i/-original-imagdznhbgw63xhv.jpeg?q=70	vivo T1 44W (Ice Dawn, 128 GB)	₹15,999	6 GB RAM | 128 GB ROM | Expandable Upto 1 TB16.36 cm (6.44 inch) Full HD+ AMOLED Display50MP + 2MP + 2MP | 16MP Front Camera5000 mAh Lithium BatteryQualcomm Snapdragon 680 Processor1 Year Handset and 6 Months Accessories
https://rukminim1.flixcart.com/image/312/312/l2p23rk0/mobile/s/4/3/-original-imagdznhcbdfwfud.jpeg?q=70	vivo T1 44W (Starry Sky, 128 GB)	₹15,999	6 GB RAM | 128 GB ROM | Expandable Upto 1 TB16.36 cm (6.44 inch) Full HD+ AMOLED Display50MP + 2MP + 2MP | 16MP Front Camera5000 mAh Lithium BatteryQualcomm Snapdragon 680 Processor1 Year Handset and 6 Months Accessories
https://rukminim1.flixcart.com/image/312/312/l3t2fm80/mobile/v/0/b/-original-imageu8ctfzzstqp.jpeg?q=70	realme 9 (Stargaze White, 128 GB)	₹17,999	8 GB RAM | 128 GB ROM | Expandable Upto 256 GB16.26 cm (6.4 inch) Full HD+ AMOLED Display108MP + 8MP + 2MP | 16MP Front Camera5000 mAh Lithium Ion BatteryQualcomm Snapdragon 680 Processor1 Year Manufacturer Warranty for Phone and 6 Months Warranty for In-Box Accessories
https://rukminim1.flixcart.com/image/312/312/kzogn0w0/mobile/v/c/v/-original-imagbmf2gztrhvzr.jpeg?q=70	realme 9 Pro 5G (Sunrise Blue, 128 GB)	₹16,999	6 GB RAM | 128 GB ROM | Expandable Upto 256 GB16.76 cm (6.6 inch) Full HD+ Display64MP + 8MP + 2MP | 16MP Front Camera5000 mAh Li-ion BatteryQualcomm Snapdragon 695 Processor1 Year Warranty for Phone and 6 Months Warranty for In-Box Accessories
https://rukminim1.flixcart.com/image/312/312/ktx9si80/mobile/h/b/c/narzo-50i-rmx3231-realme-original-imag75hcyzzggbat.jpeg?q=70	realme Narzo 50i (Carbon Black, 32 GB)	₹6,799	2 GB RAM | 32 GB ROM | Expandable Upto 256 GB16.51 cm (6.5 inch) Display8MP Rear Camera | 5MP Front Camera5000 mAh BatterySC9863A Processor1 Year Warranty for Mobile and 6 Months for Accessories
https://rukminim1.flixcart.com/image/312/312/l3t2fm80/mobile/v/0/b/-original-imageu8ctfzzstqp.jpeg?q=70	realme 9 (Stargaze White, 128 GB)	₹14,499	6 GB RAM | 128 GB ROM | Expandable Upto 256 GB16.26 cm (6.4 inch) Full HD+ AMOLED Display108MP + 8MP + 2MP | 16MP Front Camera5000 mAh Lithium Ion BatteryQualcomm Snapdragon 680 Processor1 Year Manufacturer Warranty for Phone and 6 Months Warranty for In-Box Accessories
https://rukminim1.flixcart.com/image/312/312/xif0q/mobile/i/b/c/-original-imaghafug7zpnemh.jpeg?q=70	Realme C30 - Locked with Airtel Prepaid (Denim Black, 32 GB)	₹6,199	2 GB RAM | 32 GB ROM | Expandable Upto 1 TB16.51 cm (6.5 inch) HD+ Display8MP Rear Camera | 5MP Front Camera5000 mAh Lithium Ion BatteryUnisoc T612 Processor1 Year Manufacturer Warranty for Phone and 6 Months Warranty for In-Box Accessories
https://rukminim1.flixcart.com/image/312/312/l3t2fm80/mobile/7/w/5/-original-imageu8c4ae9sezr.jpeg?q=70	realme 9 (Meteor Black, 128 GB)	₹17,999	8 GB RAM | 128 GB ROM | Expandable Upto 256 GB16.26 cm (6.4 inch) Full HD+ AMOLED Display108MP + 8MP + 2MP | 16MP Front Camera5000 mAh Lithium Ion BatteryQualcomm Snapdragon 680 Processor1 Year Manufacturer Warranty for Phone and 6 Months Warranty for In-Box Accessories
https://rukminim1.flixcart.com/image/312/312/l2f20sw0/mobile/d/l/i/-original-imagdru482pvwhvz.jpeg?q=70	Infinix Smart 6 (Polar Black, 64 GB)	₹6,499	2 GB RAM | 64 GB ROM | Expandable Upto 512 GB16.76 cm (6.6 inch) HD+ Display8 MP + Depth Lens | 5MP Front Camera5000 mAh Li-ion Polymer BatteryMediatek Helio A22 Processor1 Year on Handset and 6 Months on Accessories
https://rukminim1.flixcart.com/image/312/312/kzd147k0/mobile/m/c/f/-original-imagbe5qknarjywp.jpeg?q=70	vivo T1 5G (Rainbow Fantasy, 128 GB)	₹15,990	4 GB RAM | 128 GB ROM | Expandable Upto 1 TB16.71 cm (6.58 inch) Full HD+ Display50MP + 2MP + 2MP | 16MP Front Camera5000 mAh Lithium BatteryTurbo Processor Snapdragon 695 Processor1 Year Handset and 6 Months Accessories
https://rukminim1.flixcart.com/image/312/312/l1l1rww0/mobile/j/e/u/-original-imagd48zzrkcjfn2.jpeg?q=70	MOTOROLA g31 (Baby Blue, 128 GB)	₹11,999	6 GB RAM | 128 GB ROM | Expandable Upto 1 TB16.26 cm (6.4 inch) Full HD+ Display50MP + 8MP + 2MP | 13MP Front Camera5000 mAh LiPo BatteryMediatek Helio G85 Processor1 Year on Handset and 6 Months on Accessories
https://rukminim1.flixcart.com/image/312/312/kpmy8i80/mobile/x/q/n/m3-pro-5g-mzb0956in-poco-original-imag3th5e4thsxjt.jpeg?q=70	POCO M3 Pro 5G (Yellow, 64 GB)	₹14,499	4 GB RAM | 64 GB ROM | Expandable Upto 1 TB16.51 cm (6.5 inch) Full HD+ Display48MP + 2MP + 2MP | 8MP Front Camera5000 mAh Lithium-ion Polymer BatteryMediaTek Dimensity 700 ProcessorMultiple Hands-free Voice AssistantOne Year Warranty for Handset, 6 Months for Accessories
https://rukminim1.flixcart.com/image/312/312/l4fxh8w0/mobile/l/l/4/-original-imagfc56zazhvbfq.jpeg?q=70	realme 9 5G (Supersonic Black, 128 GB)	₹15,999	6 GB RAM | 128 GB ROM | Expandable Upto 1 TB16.51 cm (6.5 inch) Full HD+ Display48MP + 2MP + 2MP | 16MP Front Camera5000 mAh Lithium Polymer BatteryMediatek Dimensity 810 Processor1 Year Warranty for Phone and 6 Months Warranty for In-Box Accessories
https://rukminim1.flixcart.com/image/312/312/l0o6nbk0/mobile/j/w/k/-original-imagceuvb2qasggx.jpeg?q=70	MOTOROLA G60 (Soft Silver, 128 GB)	₹14,999	6 GB RAM | 128 GB ROM17.22 cm (6.78 inch) Full HD+ Display108MP + 8MP + 2MP | 32MP Front Camera6000 mAh BatteryQualcomm Snapdragon 732G Processor120Hz Refresh RateStock Android Experience1 Year on Handset and 6 Months on Accessories
https://rukminim1.flixcart.com/image/312/312/xif0q/mobile/q/z/o/-original-imaghfn2uqatzcnh.jpeg?q=70	REDMI Note 10 Pro Max (Dark Night, 128 GB)	₹17,999	6 GB RAM | 128 GB ROM | Expandable Upto 512 GB16.94 cm (6.67 inch) Full HD+ Display108MP Rear Camera | 16MP Front Camera5020 mAh BatteryQualcomm Snapdragon 732G Processor1 Year Manufacturer Warranty for Phone and 6 Months Warranty for In the Box Accessories
https://rukminim1.flixcart.com/image/312/312/xif0q/mobile/7/9/b/k401-k401-i-kall-original-imaggz5aszxrcgpw.jpeg?q=70	I Kall K401 (Green, 64 GB)	₹6,649	4 GB RAM | 64 GB ROM | Expandable Upto 64 GB15.9 cm (6.26 inch) Display16MP Rear Camera | 13MP Front Camera4000 mAh Battery1 year manufacturing warranty for mobile and 6 months for box accessories
https://rukminim1.flixcart.com/image/312/312/l1l1rww0/mobile/4/6/z/-original-imagd48znazecap3.jpeg?q=70	Moto G71 5G (Arctic Blue, 128 GB)	₹15,999	6 GB RAM | 128 GB ROM16.26 cm (6.4 inch) Full HD+ AMOLED Display50MP + 8MP + 2MP | 16MP Front Camera5000 mAh Lithium-ion Polymer BatteryQualcomm Snapdragon 695 Processor1 Year on Handset and 6 Months on Accessories
https://rukminim1.flixcart.com/image/312/312/xif0q/mobile/f/n/f/-original-imaggbtuwq32w4et.jpeg?q=70	vivo T1X (Gravity Black, 64 GB)	₹11,999	4 GB RAM | 64 GB ROM16.71 cm (6.58 inch) Full HD+ Display50MP + 2MP | 8MP Front Camera5000 mAh BatteryQualcomm Snapdragon 680 Processor1 Year on Handset and 6 Months on Accessories
https://rukminim1.flixcart.com/image/312/312/xif0q/mobile/8/a/y/-original-imaggbtszycsgjp5.jpeg?q=70	vivo T1X (Space Blue, 64 GB)	₹11,999	4 GB RAM | 64 GB ROM16.71 cm (6.58 inch) Full HD+ Display50MP + 2MP | 8MP Front Camera5000 mAh BatteryQualcomm Snapdragon 680 Processor1 Year on Handset and 6 Months on Accessories
https://rukminim1.flixcart.com/image/312/312/ktn9pjk0/mobile/m/z/v/hot-11s-x6812-64-4-infinix-original-imag6xq7mmztsttp.jpeg?q=70	Infinix Hot 11S (7° Purple, 64 GB)	₹13,999	4 GB RAM | 64 GB ROM | Expandable Upto 256 GB17.22 cm (6.78 inch) Full HD+ Display50MP + 2MP + AI Lens | 8MP Front Camera5000 mAh Li-ion Polymer BatteryMediaTek Helio G88 Processor90Hz Refresh Rate18W Type C, Fast Charger1 Year on Handset and 6 Months on Accessories
https://rukminim1.flixcart.com/image/312/312/ktn9pjk0/mobile/k/r/a/hot-11s-x6812-64-4-infinix-original-imag6xq6wa6ptgex.jpeg?q=70	Infinix Hot 11S (Polar Black, 64 GB)	₹10,999	4 GB RAM | 64 GB ROM | Expandable Upto 256 GB17.22 cm (6.78 inch) Full HD+ Display50MP + 2MP + AI Lens | 8MP Front Camera5000 mAh Li-ion Polymer BatteryMediaTek Helio G88 Processor90Hz Refresh Rate18W Type C, Fast Charger1 Year on Handset and 6 Months on Accessories
https://rukminim1.flixcart.com/image/312/312/xif0q/mobile/u/y/5/-original-imaghfn2zmefy8t9.jpeg?q=70	REDMI Note 10 Pro Max (Vintage Bronze, 128 GB)	₹17,999	6 GB RAM | 128 GB ROM | Expandable Upto 512 GB16.94 cm (6.67 inch) Full HD+ Display108MP Rear Camera | 16MP Front Camera5020 mAh BatteryQualcomm Snapdragon 732G Processor1 Year Manufacturer Warranty for Phone and 6 Months Warranty for In the Box Accessories
https://rukminim1.flixcart.com/image/312/312/knoxnrk0/mobile/s/d/d/g40-fusion-panv0002in-panv0006in-panv0010in-motorola-original-imag2aqcxrhhuwfh.jpeg?q=70	MOTOROLA G40 Fusion (Dynamic Gray, 128 GB)	₹13,499	6 GB RAM | 128 GB ROM17.22 cm (6.78 inch) Full HD+ Display64MP + 8MP + 2MP | 16MP Front Camera6000 mAh BatteryQualcomm Snapdragon 732G Processor120Hz Refresh RateStock Android Experience1 Year on Handset and 6 Months on Accessories
https://rukminim1.flixcart.com/image/312/312/l5jxt3k0/mobile/t/l/b/-original-imagg7pjuxmqubzw.jpeg?q=70	REDMI Note 10 Pro Max (Dark Nebula, 128 GB)	₹17,999	6 GB RAM | 128 GB ROM | Expandable Upto 512 GB16.94 cm (6.67 inch) Full HD+ Display108MP Rear Camera | 16MP Front Camera5020 mAh BatteryQualcomm Snapdragon 732G Processor1 Year Manufacturer Warranty for Phone and 6 Months Warranty for In the Box Accessories
https://rukminim1.flixcart.com/image/312/312/l1l1rww0/mobile/x/z/n/-original-imagd48zxzyv2gfg.jpeg?q=70	MOTOROLA G51 5G (Indigo Blue, 64 GB)	₹12,249	4 GB RAM | 64 GB ROM | Expandable Upto 1 TB17.27 cm (6.8 inch) Full HD+ Display50MP + 8MP + 2MP | 13MP Front Camera5000 mAh Lithium Polymer BatteryQualcomm Snapdragon 480 Pro Processor1 Year on Handset and 6 Months on Accessories
https://rukminim1.flixcart.com/image/312/312/kpmy8i80/mobile/v/6/1/m3-pro-5g-mzb0954in-poco-original-imag3th5ggub6c3f.jpeg?q=70	POCO M3 Pro 5G (Cool Blue, 128 GB)	₹16,499	6 GB RAM | 128 GB ROM | Expandable Upto 1 TB16.51 cm (6.5 inch) Full HD+ Display48MP + 2MP + 2MP | 8MP Front Camera5000 mAh Lithium-ion Polymer BatteryMediaTek Dimensity 700 ProcessorMultiple Hands-free Voice AssistantOne Year Warranty for Handset, 6 Months for Accessories
https://rukminim1.flixcart.com/image/312/312/kzogn0w0/mobile/m/p/2/-original-imagbmf4qsurna5j.jpeg?q=70	realme 9 Pro+ 5G (Sunrise Blue, 128 GB)	₹24,999	8 GB RAM | 128 GB ROM16.26 cm (6.4 inch) Full HD+ AMOLED Display50MP + 8MP + 2MP | 16MP Front Camera4500 mAh Li-ion BatteryMediatek Dimensity 920 Processor1 Year Warranty for Phone and 6 Months Warranty for In-Box Accessories
https://rukminim1.flixcart.com/image/312/312/ks3jjbk0/mobile/p/b/k/y53s-v2058-vivo-original-imag5q35phmm3fjc.jpeg?q=70	vivo Y53s (Deep Sea Blue, 128 GB)	₹15,490	8 GB RAM | 128 GB ROM | Expandable Upto 1 TB16.71 cm (6.58 inch) Full HD+ Display64MP + 2MP + 2MP | 16MP Front Camera5000 mAh BatteryMediaTek Helio G80 Processor1 Year Warranty for Handset and 6 Months for In-box Accessories
https://rukminim1.flixcart.com/image/312/312/ks3jjbk0/mobile/j/f/u/y53s-v2058-vivo-original-imag5q36vjkr4dze.jpeg?q=70	vivo Y53s (Fantastic Rainbow, 128 GB)	₹15,490	8 GB RAM | 128 GB ROM | Expandable Upto 1 TB16.71 cm (6.58 inch) Full HD+ Display64MP + 2MP + 2MP | 16MP Front Camera5000 mAh BatteryMediaTek Helio G80 Processor1 Year Warranty for Handset and 6 Months for In-box Accessories
https://rukminim1.flixcart.com/image/312/312/ku04o7k0/mobile/p/8/u/9i-sport-mzb0a5iin-redmi-original-imag785qegs5ghyy.jpeg?q=70	REDMI 9i Sport (Carbon Black, 64 GB)	₹8,999	4 GB RAM | 64 GB ROM | Expandable Upto 512 GB16.59 cm (6.53 inch) HD+ Display13MP Rear Camera | 5MP Front Camera5000 mAh Li-Polymer BatteryMediaTek Helio G25 ProcessorBrand Warranty of 1 Year Available for Mobile and 6 Months for Accessories
https://rukminim1.flixcart.com/image/312/312/kn4xhu80/mobile/r/5/5/f19-cph2219-oppo-original-imagfvj5usebqhh4.jpeg?q=70	OPPO F19 (Midnight Blue, 128 GB)	₹14,490	6 GB RAM | 128 GB ROM | Expandable Upto 256 GB16.33 cm (6.43 inch) Full HD+ Display48MP + 2MP + 2MP | 16MP Front Camera5000 mAh BatteryQualcomm Snapdragon 662 ProcessorBrand Warranty of 1 Year Available for Mobile Including Battery and 6 Months for Accessories
https://rukminim1.flixcart.com/image/312/312/jza5uvk0/mobile/g/h/8/lava-a3-a3-original-imafftmmmzmzzyvg.jpeg?q=70	LAVA A3	₹1,212	4 MB RAM | 3 MB ROM | Expandable Upto 32 GB4.5 cm (1.77 inch) Display0.3MP Rear Camera1750 mAh Battery1 year manufacturer Replacement for device and 6 months manufacturer warranty for in-box accessories including batteries from the date of purchase
https://rukminim1.flixcart.com/image/312/312/kn4xhu80/mobile/d/f/c/f19-cph2219-oppo-original-imagfvj5cshwgwhp.jpeg?q=70	OPPO F19 (Prism Black, 128 GB)	₹14,490	6 GB RAM | 128 GB ROM | Expandable Upto 256 GB16.33 cm (6.43 inch) Full HD+ Display48MP + 2MP + 2MP | 16MP Front Camera5000 mAh BatteryQualcomm Snapdragon 662 ProcessorBrand Warranty of 1 Year Available for Mobile Including Battery and 6 Months for Accessories
https://rukminim1.flixcart.com/image/312/312/kx25ksw0/mobile/1/c/g/-original-imag9hjsfqgjzfgp.jpeg?q=70	Infinix Note 11 (Glacier Green, 64 GB)	₹12,499	4 GB RAM | 64 GB ROM | Expandable Upto 512 GB17.02 cm (6.7 inch) Full HD+ AMOLED Display50 MP + 2 MP + AI Lens | 16MP Front Camera5000 mAh Li-ion Polymer BatteryMediatek Helio G88 Processor1 Year on Handset and 6 Months on Accessories
https://rukminim1.flixcart.com/image/312/312/kx25ksw0/mobile/4/v/5/-original-imag9hgmbb5rntyg.jpeg?q=70	Infinix Note 11 (Graphite Black, 64 GB)	₹12,499	4 GB RAM | 64 GB ROM | Expandable Upto 512 GB17.02 cm (6.7 inch) Full HD+ AMOLED Display50 MP + 2 MP + AI Lens | 16MP Front Camera5000 mAh Li-ion Polymer BatteryMediatek Helio G88 Processor1 Year on Handset and 6 Months on Accessories
https://rukminim1.flixcart.com/image/312/312/kesv0y80/mobile/h/p/q/redmi-9i-mzb0814in-original-imafvehkgzghyqtp.jpeg?q=70	REDMI 9i (Midnight Black, 64 GB)	₹8,999	4 GB RAM | 64 GB ROM | Expandable Upto 512 GB16.59 cm (6.53 inch) HD+ Display13MP Rear Camera | 5MP Front Camera5000 mAh Lithium Polymer BatteryMediaTek Helio G25 ProcessorBrand Warranty of 1 Year Available for Mobile and 6 Months for Accessories
https://rukminim1.flixcart.com/image/312/312/kn4xhu80/mobile/d/f/c/f19-cph2219-oppo-original-imagfvj5cshwgwhp.jpeg?q=70	OPPO F19 (Prism Black, 128 GB)	₹14,490	6 GB RAM | 128 GB ROM | Expandable Upto 256 GB16.33 cm (6.43 inch) Full HD+ Display48MP + 2MP + 2MP | 16MP Front Camera5000 mAh BatteryQualcomm Snapdragon 662 ProcessorBrand Warranty of 1 Year Available for Mobile Including Battery and 6 Months for Accessories
https://rukminim1.flixcart.com/image/312/312/l1l1rww0/mobile/4/6/z/-original-imagd48znazecap3.jpeg?q=70	Moto G71 5G (Neptune Green, 128 GB)	₹15,999	6 GB RAM | 128 GB ROM16.26 cm (6.4 inch) Full HD+ AMOLED Display50MP + 8MP + 2MP | 16MP Front Camera5000 mAh Lithium-ion Polymer BatteryQualcomm Snapdragon 695 Processor1 Year on Handset and 6 Months on Accessories
https://rukminim1.flixcart.com/image/312/312/l1l1rww0/mobile/v/7/n/-original-imagd48zkjwujxzz.jpeg?q=70	MOTOROLA e40 (Pink Clay, 64 GB)	₹8,999	4 GB RAM | 64 GB ROM | Expandable Upto 1 TB16.51 cm (6.5 inch) HD+ Display48MP + 2MP + 2MP | 8MP Front Camera5000 mAh BatteryUNISOC T700 Processor1 Year on Handset and 6 Months on Accessories
https://rukminim1.flixcart.com/image/312/312/xif0q/mobile/7/9/b/k401-k401-i-kall-original-imaggz5aszxrcgpw.jpeg?q=70	I Kall K401 (Green, 64 GB)	₹6,649	4 GB RAM | 64 GB ROM | Expandable Upto 64 GB15.9 cm (6.26 inch) Display16MP Rear Camera | 13MP Front Camera4000 mAh Battery1 year manufacturing warranty for mobile and 6 months for box accessories
https://rukminim1.flixcart.com/image/312/312/xif0q/mobile/u/y/5/-original-imaghfn2zmefy8t9.jpeg?q=70	REDMI Note 10 Pro Max (Vintage Bronze, 128 GB)	₹17,999	6 GB RAM | 128 GB ROM | Expandable Upto 512 GB16.94 cm (6.67 inch) Full HD+ Display108MP Rear Camera | 16MP Front Camera5020 mAh BatteryQualcomm Snapdragon 732G Processor1 Year Manufacturer Warranty for Phone and 6 Months Warranty for In the Box Accessories
https://rukminim1.flixcart.com/image/312/312/kzogn0w0/mobile/9/u/s/-original-imagbmf2fttpg4xb.jpeg?q=70	realme 9 Pro 5G (Midnight Black, 128 GB)	₹16,999	6 GB RAM | 128 GB ROM | Expandable Upto 256 GB16.76 cm (6.6 inch) Full HD+ Display64MP + 8MP + 2MP | 16MP Front Camera5000 mAh Li-ion BatteryQualcomm Snapdragon 695 Processor1 Year Warranty for Phone and 6 Months Warranty for In-Box Accessories
https://rukminim1.flixcart.com/image/312/312/l4ln8nk0/mobile/4/8/h/-original-imagfggrvjdqsrtx.jpeg?q=70	realme C30 (Lake Blue, 32 GB)	₹7,999	3 GB RAM | 32 GB ROM | Expandable Upto 1 TB16.51 cm (6.5 inch) HD+ Display8MP Rear Camera | 5MP Front Camera5000 mAh Lithium Ion BatteryUnisoc T612 Processor1 Year Manufacturer Warranty for Phone and 6 Months Warranty for In-Box Accessories
https://rukminim1.flixcart.com/image/312/312/kxw5tow0/mobile/0/t/o/g5605n-g5605n-good-one-original-imaga8q9cdrbzqq4.jpeg?q=70	Good One G5605N	₹899	32 MB RAM | 32 MB ROM | Expandable Upto 32 GB4.57 cm (1.8 inch) Display2MP Rear Camera2500 mAh Battery12 Months Warranty
https://rukminim1.flixcart.com/image/312/312/l0tweq80/mobile/x/f/u/-original-imagcgtghym8theg.jpeg?q=70	REDMI 10 (Midnight Black, 64 GB)	₹10,999	4 GB RAM | 64 GB ROM | Expandable Upto 1 TB17.02 cm (6.7 inch) HD+ Display50MP + 2MP | 5MP Front Camera6000 mAh Lithium Polymer BatteryQualcomm Snapdragon 680 Processor1 Year Warranty for Phone and 6 Months Warranty for In-Box Accessories
https://rukminim1.flixcart.com/image/312/312/xif0q/mobile/y/t/d/-original-imaggmggfqffppqf.jpeg?q=70	Infinix Smart 6 Plus (Crystal Violet, 64 GB)	₹7,499	3 GB RAM | 64 GB ROM | Expandable Upto 512 GB17.32 cm (6.82 inch) HD+ Display8 MP + Depth Lens | 5MP Front Camera5000 mAh Lithium-ion Polymer BatteryMediatek Helio G25 Processor1 Year on Handset and 6 Months on Accessories
https://rukminim1.flixcart.com/image/312/312/xif0q/mobile/h/x/l/-original-imaghh2fggashufd.jpeg?q=70	Infinix Note 12 Pro (Tuscany Blue, 256 GB)	₹14,999	8 GB RAM | 256 GB ROM | Expandable Upto 2 TB17.02 cm (6.7 inch) Full HD+ AMOLED Display108MP + 2MP Depth Lens + AI lens | 16MP Front Camera5000 mAh Lithium Ion Polymer BatteryMediatek Helio G99 Processor1 Year on Handset and 6 Months on Accessories
https://rukminim1.flixcart.com/image/312/312/l1zc6fk0/mobile/1/e/w/k30-dual-sim-multimedia-keypad-mobile-2-4-inch-k30-i-kall-original-imagdf98nbegeegx.jpeg?q=70	I Kall K30�Dual Sim Multimedia Keypad Mobile (2.4 Inch)	₹844	32 MB RAM | 64 MB ROM6.1 cm (2.4 inch) Display0.3MP Rear Camera1000 mAh Battery1 Year Manufacturer warranty
https://rukminim1.flixcart.com/image/312/312/knoxnrk0/mobile/s/d/d/g40-fusion-panv0002in-panv0006in-panv0010in-motorola-original-imag2aqcxrhhuwfh.jpeg?q=70	MOTOROLA G40 Fusion (Frosted Champagne, 128 GB)	₹13,499	6 GB RAM | 128 GB ROM17.22 cm (6.78 inch) Full HD+ Display64MP + 8MP + 2MP | 16MP Front Camera6000 mAh BatteryQualcomm Snapdragon 732G Processor120Hz Refresh RateStock Android Experience1 Year on Handset and 6 Months on Accessories
https://rukminim1.flixcart.com/image/312/312/ks3jjbk0/mobile/p/b/k/y53s-v2058-vivo-original-imag5q35phmm3fjc.jpeg?q=70	vivo Y53s (Deep Sea Blue, 128 GB)	₹15,490	8 GB RAM | 128 GB ROM | Expandable Upto 1 TB16.71 cm (6.58 inch) Full HD+ Display64MP + 2MP + 2MP | 16MP Front Camera5000 mAh BatteryMediaTek Helio G80 Processor1 Year Warranty for Handset and 6 Months for In-box Accessories
https://rukminim1.flixcart.com/image/312/312/ks3jjbk0/mobile/j/f/u/y53s-v2058-vivo-original-imag5q36vjkr4dze.jpeg?q=70	vivo Y53s (Fantastic Rainbow, 128 GB)	₹15,490	8 GB RAM | 128 GB ROM | Expandable Upto 1 TB16.71 cm (6.58 inch) Full HD+ Display64MP + 2MP + 2MP | 16MP Front Camera5000 mAh BatteryMediaTek Helio G80 Processor1 Year Warranty for Handset and 6 Months for In-box Accessories
https://rukminim1.flixcart.com/image/312/312/l3t2fm80/mobile/s/d/a/k570-k570-i-kall-original-imageugzyehdny2h.jpeg?q=70	I Kall K570 (Jude Green, 64 GB)	₹7,949	4 GB RAM | 64 GB ROM | Expandable Upto 64 GB16.59 cm (6.53 inch) Display20MP Rear Camera | 13MP Front Camera5000 mAh BatteryOcta Core Processor1 year manufacturing warranty for mobile and 6 months for box accessories
https://rukminim1.flixcart.com/image/312/312/ksnjp8w0/mobile/k/o/m/c21y-rmx3261-realme-original-imag65kcytrk8dtr.jpeg?q=70	realme C21Y (Cross Blue, 32 GB)	₹9,499	3 GB RAM | 32 GB ROM | Expandable Upto 256 GB16.51 cm (6.5 inch) HD+ Display13MP + 2MP + 2MP | 5MP Front Camera5000 mAh BatteryUnisoc T610 Processor1 Year Warranty for Mobile and 6 Months for Accessories
https://rukminim1.flixcart.com/image/312/312/l3929ow0/mobile/x/l/a/-original-imageezmsz9z24at.jpeg?q=70	Infinix Note 12 (Force Black, 128 GB)	₹11,499	6 GB RAM | 128 GB ROM | Expandable Upto 512 GB17.02 cm (6.7 inch) Full HD+ AMOLED Display50MP + 2MP Depth + AI Lens | 16MP Front Camera5000 mAh Li-ion Polymer BatteryMediaTek Helio G88 Processor1 Year on Handset and 6 Months on Accessories
https://rukminim1.flixcart.com/image/312/312/l3929ow0/mobile/v/w/k/-original-imageezmre8ymznn.jpeg?q=70	Infinix Note 12 (Jewel Blue, 128 GB)	₹11,499	6 GB RAM | 128 GB ROM | Expandable Upto 512 GB17.02 cm (6.7 inch) Full HD+ AMOLED Display50MP + 2MP Depth + AI Lens | 16MP Front Camera5000 mAh Li-ion Polymer BatteryMediaTek Helio G88 Processor1 Year on Handset and 6 Months on Accessories
https://rukminim1.flixcart.com/image/312/312/krdtlzk0/mobile/e/e/4/k20-big-battery-dual-sim-feature-phone-k20-big-battery-dual-sim-original-imag56tdhpxdb7zj.jpeg?q=70	I Kall K20	₹1,004	32 MB RAM | 32 MB ROM4.57 cm (1.8 inch) Display0.3MP Rear Camera2500 mAh BatteryBrand Warranty of 1 Year Available for Mobile and 6 Months for Accessories
https://rukminim1.flixcart.com/image/312/312/kn6cxow0/mobile/s/f/3/guru-1200-gt-e1200ibyins-samsung-original-imagfwzxhtq6q8ku.jpeg?q=70	SAMSUNG GT-E1215	₹1,672	NA ROM3.81 cm (1.5 inch) NA Display800 mAh Battery0 0 0 0 Processor Processor1 Year for Mobile & 6 Months for Accessories
https://rukminim1.flixcart.com/image/312/312/xif0q/mobile/z/x/a/-original-imaghkmjtcfc3xgh.jpeg?q=70	REDMI 9 Activ (Carbon Black, 128 GB)	₹10,499	6 GB RAM | 128 GB ROM | Expandable Upto 512 GB16.59 cm (6.53 inch) HD+ Display13MP + 2MP | 5MP Front Camera5000 mAh Lithium Polymer BatteryMediatek Helio G35 Processor1 Year Manufacturer Warranty for Phone and 6 Months Warranty for in the Box Accessories
https://rukminim1.flixcart.com/image/312/312/jza5uvk0/mobile/g/h/8/lava-a3-a3-original-imafftmmmzmzzyvg.jpeg?q=70	LAVA A3	₹1,212	4 MB RAM | 3 MB ROM | Expandable Upto 32 GB4.5 cm (1.77 inch) Display0.3MP Rear Camera1750 mAh Battery1 year manufacturer Replacement for device and 6 months manufacturer warranty for in-box accessories including batteries from the date of purchase
https://rukminim1.flixcart.com/image/312/312/l1zc6fk0/mobile/l/o/u/k16-new-k16-new-i-kall-original-imagdfa2eqbxhqdx.jpeg?q=70	I Kall K16 New	₹744	32 MB RAM | 32 MB ROM4.57 cm (1.8 inch) Display0.3MP Rear Camera1000 mAh Battery12 Months on Feature phone and 6 Months On Accessories
https://rukminim1.flixcart.com/image/312/312/l0bbonk0/shopsy-mobile/k/4/l/-original-imagc4qjnkzhty3h.jpeg?q=70	realme Narzo 50 (Speed Black, 64 GB)	₹12,221	4 GB RAM | 64 GB ROM | Expandable Upto 256 GB16.76 cm (6.6 inch) Full HD+ Display50MP + 2MP + 2MP | 16MP Front Camera5000 mAh Lithium Polymer BatteryMediatek Helio G96 Processor1 Year Warranty for Phone and 6 Months Warranty for In-Box Accessories
https://rukminim1.flixcart.com/image/312/312/xif0q/mobile/f/n/f/-original-imaggbtuwq32w4et.jpeg?q=70	vivo T1X (Gravity Black, 128 GB)	₹12,999	4 GB RAM | 128 GB ROM16.71 cm (6.58 inch) Full HD+ Display50MP + 2MP | 8MP Front Camera5000 mAh BatteryQualcomm Snapdragon 680 Processor1 Year on Handset and 6 Months on Accessories
https://rukminim1.flixcart.com/image/312/312/xif0q/mobile/p/t/7/-original-imaghkmkghszpbz4.jpeg?q=70	REDMI 9 Activ (Coral Green, 128 GB)	₹10,499	6 GB RAM | 128 GB ROM | Expandable Upto 512 GB16.59 cm (6.53 inch) HD+ Display13MP + 2MP | 5MP Front Camera5000 mAh Lithium Polymer BatteryMediatek Helio G35 Processor1 Year Manufacturer Warranty for Phone and 6 Months Warranty for in the Box Accessories
https://rukminim1.flixcart.com/image/312/312/kxw5tow0/mobile/0/t/o/g5605n-g5605n-good-one-original-imaga8q9cdrbzqq4.jpeg?q=70	Good One G5605N	₹899	32 MB RAM | 32 MB ROM | Expandable Upto 32 GB4.57 cm (1.8 inch) Display2MP Rear Camera2500 mAh Battery12 Months Warranty
https://rukminim1.flixcart.com/image/312/312/xif0q/mobile/8/a/y/-original-imaggbtszycsgjp5.jpeg?q=70	vivo T1X (Space Blue, 128 GB)	₹12,999	4 GB RAM | 128 GB ROM16.71 cm (6.58 inch) Full HD+ Display50MP + 2MP | 8MP Front Camera5000 mAh BatteryQualcomm Snapdragon 680 Processor1 Year on Handset and 6 Months on Accessories
https://rukminim1.flixcart.com/image/312/312/jm6mjrk0/mobile/a/r/h/lava-gem-gem-original-imaf94c6ahzrabmc.jpeg?q=70	LAVA GEM	₹1,680	0 MB ROM | Expandable Upto 32 GB7.11 cm (2.8 inch) QVGA Display1.3MP Rear Camera1750 mAh BatteryNA Processor1 year manufacturer Replacement for device and 6 months manufacturer warranty for in-box accessories including batteries from the date of purchase
https://rukminim1.flixcart.com/image/312/312/ktn9pjk0/mobile/j/6/n/hot-11s-x6812-64-4-infinix-original-imag6xq7na4n2wrr.jpeg?q=70	Infinix Hot 11S (Green Wave, 64 GB)	₹10,999	4 GB RAM | 64 GB ROM | Expandable Upto 256 GB17.22 cm (6.78 inch) Full HD+ Display50MP + 2MP + AI Lens | 8MP Front Camera5000 mAh Li-ion Polymer BatteryMediaTek Helio G88 Processor90Hz Refresh Rate18W Type C, Fast Charger1 Year on Handset and 6 Months on Accessories
https://rukminim1.flixcart.com/image/312/312/l1zc6fk0/mobile/1/e/w/k30-dual-sim-multimedia-keypad-mobile-2-4-inch-k30-i-kall-original-imagdf98nbegeegx.jpeg?q=70	I Kall K30�Dual Sim Multimedia Keypad Mobile (2.4 Inch)	₹844	32 MB RAM | 64 MB ROM6.1 cm (2.4 inch) Display0.3MP Rear Camera1000 mAh Battery1 Year Manufacturer warranty
https://rukminim1.flixcart.com/image/312/312/ksnjp8w0/mobile/k/o/m/c21y-rmx3261-realme-original-imag65kcytrk8dtr.jpeg?q=70	realme C21Y (Cross Blue, 64 GB)	₹10,499	4 GB RAM | 64 GB ROM | Expandable Upto 256 GB16.51 cm (6.5 inch) HD+ Display13MP + 2MP + 2MP | 5MP Front Camera5000 mAh BatteryUnisoc T610 Processor1 Year Warranty for Mobile and 6 Months for Accessories
https://rukminim1.flixcart.com/image/312/312/kzogn0w0/mobile/f/v/c/-original-imagbmf2hbxazyf3.jpeg?q=70	realme 9 Pro+ 5G (Midnight Black, 128 GB)	₹22,999	6 GB RAM | 128 GB ROM16.26 cm (6.4 inch) Full HD+ AMOLED Display50MP + 8MP + 2MP | 16MP Front Camera4500 mAh Li-ion BatteryMediatek Dimensity 920 Processor1 Year Warranty for Phone and 6 Months Warranty for In-Box Accessories
https://rukminim1.flixcart.com/image/312/312/k2jbyq80pkrrdj/mobile-refurbished/k/y/d/iphone-11-256-u-mwm82hn-a-apple-0-original-imafkg25mhaztxns.jpeg?q=70	APPLE iPhone 11 (White, 64 GB)	₹43,900	64 GB ROM15.49 cm (6.1 inch) Liquid Retina HD Display12MP + 12MP | 12MP Front CameraA13 Bionic Chip ProcessorBrand Warranty of 1 Year
https://rukminim1.flixcart.com/image/312/312/krdtlzk0/mobile/e/e/4/k20-big-battery-dual-sim-feature-phone-k20-big-battery-dual-sim-original-imag56tdhpxdb7zj.jpeg?q=70	I Kall K20	₹1,004	32 MB RAM | 32 MB ROM4.57 cm (1.8 inch) Display0.3MP Rear Camera2500 mAh BatteryBrand Warranty of 1 Year Available for Mobile and 6 Months for Accessories
https://rukminim1.flixcart.com/image/312/312/kzogn0w0/mobile/u/v/p/-original-imagbmf3zehwydcw.jpeg?q=70	realme 9 Pro+ 5G (Aurora Green, 128 GB)	₹24,999	8 GB RAM | 128 GB ROM16.26 cm (6.4 inch) Full HD+ AMOLED Display50MP + 8MP + 2MP | 16MP Front Camera4500 mAh Li-ion BatteryMediatek Dimensity 920 Processor1 Year Warranty for Phone and 6 Months Warranty for In-Box Accessories
https://rukminim1.flixcart.com/image/312/312/ku1k4280/mobile/j/x/v/f19s-cph2223-oppo-original-imag78zafhg3w69x.jpeg?q=70	OPPO F19s (Glowing Gold, 128 GB)	₹19,990	6 GB RAM | 128 GB ROM | Expandable Upto 256 GB16.33 cm (6.43 inch) Full HD+ Display48MP + 2MP + 2MP | 16MP Front Camera5000 mAh BatteryQualcomm Snapdragon 662 ProcessorBrand Warranty of 1 Year Available for Mobile Including Battery and 6 Months for Accessories
https://rukminim1.flixcart.com/image/312/312/kzd147k0/mobile/d/1/b/-original-imagbe5qddy9xr6y.jpeg?q=70	vivo T1 5G (Starlight Black, 128 GB)	₹16,990	6 GB RAM | 128 GB ROM | Expandable Upto 1 TB16.71 cm (6.58 inch) Full HD+ Display50MP + 2MP + 2MP | 16MP Front Camera5000 mAh Lithium BatteryQualcomm Snapdragon 695 Processor1 Year Handset and 6 Months Accessories
https://rukminim1.flixcart.com/image/312/312/krdtlzk0/mobile/d/n/d/k11-blue-big-battery-dual-sim-feature-phone-k11-blue-big-battery-original-imag56sunxmnqpfv.jpeg?q=70	I Kall K11	₹949	32 MB RAM | 32 MB ROM4.57 cm (1.8 inch) Display0.3MP Rear Camera2500 mAh BatteryBrand Warranty of 1 Year Available for Mobile and 6 Months for Accessories
https://rukminim1.flixcart.com/image/312/312/l19m93k0/mobile/w/0/6/-original-imagcv2dcyjzcmvd.jpeg?q=70	POCO X4 Pro 5G (Laser Blue, 128 GB)	₹16,499	6 GB RAM | 128 GB ROM | Expandable Upto 1 TB16.94 cm (6.67 inch) Full HD+ Super AMOLED Display64MP + 8MP + 2MP | 16MP Front Camera5000 mAh Lithium-ion Polymer BatteryQualcomm Snapdragon 695 5G ProcessorOne Year for Handset, 6 Months for Accessories
https://rukminim1.flixcart.com/image/312/312/l0bbonk0/shopsy-mobile/p/k/x/-original-imagc4qj5ejywxnv.jpeg?q=70	realme Narzo 50 (Speed Blue, 64 GB)	₹12,221	4 GB RAM | 64 GB ROM | Expandable Upto 256 GB16.76 cm (6.6 inch) Full HD+ Display50MP + 2MP + 2MP | 16MP Front Camera5000 mAh Lithium Polymer BatteryMediatek Helio G96 Processor1 Year Warranty for Phone and 6 Months Warranty for In-Box Accessories
https://rukminim1.flixcart.com/image/312/312/ku04o7k0/mobile/m/w/p/9i-sport-mzb0a0yin-redmi-original-imag785ryfspqg3a.jpeg?q=70	REDMI 9i Sport (Coral Green, 64 GB)	₹8,999	4 GB RAM | 64 GB ROM | Expandable Upto 512 GB16.59 cm (6.53 inch) HD+ Display13MP Rear Camera | 5MP Front Camera5000 mAh Li-Polymer BatteryMediaTek Helio G25 ProcessorBrand Warranty of 1 Year Available for Mobile and 6 Months for Accessories
https://rukminim1.flixcart.com/image/312/312/l1zc6fk0/mobile/l/o/u/k16-new-k16-new-i-kall-original-imagdfa2eqbxhqdx.jpeg?q=70	I Kall K16 New	₹744	32 MB RAM | 32 MB ROM4.57 cm (1.8 inch) Display0.3MP Rear Camera1000 mAh Battery12 Months on Feature phone and 6 Months On Accessories
https://rukminim1.flixcart.com/image/312/312/xif0q/mobile/l/l/w/-original-imaghafu8wqnkyvc.jpeg?q=70	Realme C30 - Locked with Airtel Prepaid (Lake Blue, 32 GB)	₹7,399	3 GB RAM | 32 GB ROM | Expandable Upto 1 TB16.51 cm (6.5 inch) HD+ Display8MP Rear Camera | 5MP Front Camera5000 mAh Lithium Ion BatteryUnisoc T612 Processor1 Year Manufacturer Warranty for Phone and 6 Months Warranty for In-Box Accessories
https://rukminim1.flixcart.com/image/312/312/ktx9si80/mobile/q/a/c/narzo-50a-rmx3430-realme-original-imag75kybaer8scz.jpeg?q=70	realme Narzo 50A (Oxygen Green, 128 GB)	₹11,110	4 GB RAM | 128 GB ROM | Expandable Upto 256 GB16.51 cm (6.5 inch) HD+ Display50MP + 2MP + 2MP | 8MP Front Camera6000 mAh BatteryMediaTek Helio G85 Processor1 Year Warranty for Mobile and 6 Months for Accessories
https://rukminim1.flixcart.com/image/312/312/kzd147k0/mobile/d/1/b/-original-imagbe5qddy9xr6y.jpeg?q=70	vivo T1 5G (Starlight Black, 128 GB)	₹15,990	4 GB RAM | 128 GB ROM | Expandable Upto 1 TB16.71 cm (6.58 inch) Full HD+ Display50MP + 2MP + 2MP | 16MP Front Camera5000 mAh Lithium BatteryQualcomm Snapdragon 695 Processor1 Year Handset and 6 Months Accessories
https://rukminim1.flixcart.com/image/312/312/l48s9zk0/mobile/3/p/9/z2-z2-i-kall-original-imagf6hazwze4rky.jpeg?q=70	I Kall Z2 (Gross Green, 16 GB)	₹4,999	3 GB RAM | 16 GB ROM | Expandable Upto 64 GB15.21 cm (5.99 inch) Display8MP Rear Camera | 5MP Front Camera4000 mAh Battery1 year manufacturing warranty for mobile and 6 months for box accessories
https://rukminim1.flixcart.com/image/312/312/kx25ksw0/mobile/1/c/g/-original-imag9hjsfqgjzfgp.jpeg?q=70	Infinix Note 11 (Glacier Green, 128 GB)	₹14,499	6 GB RAM | 128 GB ROM | Expandable Upto 512 GB17.02 cm (6.7 inch) Full HD+ AMOLED Display50 MP + 2 MP Depth Lens + AI Lens | 16MP Front Camera5000 mAh Li-ion Polymer BatteryMediatek Helio G88 Processor1 Year on Handset and 6 Months on Accessories
https://rukminim1.flixcart.com/image/312/312/kzogn0w0/mobile/t/2/y/-original-imagbmf26xbmzhk7.jpeg?q=70	realme 9 Pro 5G (Aurora Green, 128 GB)	₹18,999	8 GB RAM | 128 GB ROM | Expandable Upto 256 GB16.76 cm (6.6 inch) Full HD+ Display64MP + 8MP + 2MP | 16MP Front Camera5000 mAh Li-ion BatteryQualcomm Snapdragon 695 Processor1 Year Warranty for Phone and 6 Months Warranty for In-Box Accessories
https://rukminim1.flixcart.com/image/312/312/kpmy8i80/mobile/v/6/1/m3-pro-5g-mzb0954in-poco-original-imag3th5ggub6c3f.jpeg?q=70	POCO M3 Pro 5G (Cool Blue, 64 GB)	₹14,499	4 GB RAM | 64 GB ROM | Expandable Upto 1 TB16.51 cm (6.5 inch) Full HD+ Display48MP + 2MP + 2MP | 8MP Front Camera5000 mAh Lithium-ion Polymer BatteryMediaTek Dimensity 700 ProcessorMultiple Hands-free Voice AssistantOne Year Warranty for Handset, 6 Months for Accessories
https://rukminim1.flixcart.com/image/312/312/xif0q/mobile/7/9/b/k401-k401-i-kall-original-imaggz5aszxrcgpw.jpeg?q=70	I Kall K401 (Green, 64 GB)	₹6,649	4 GB RAM | 64 GB ROM | Expandable Upto 64 GB15.9 cm (6.26 inch) Display16MP Rear Camera | 13MP Front Camera4000 mAh Battery1 year manufacturing warranty for mobile and 6 months for box accessories
https://rukminim1.flixcart.com/image/312/312/k33c4nk0pkrrdj/mobile/c/q/y/karbonn-kx3-8-90389e-11-original-imafh4v2rqqb3zbv.jpeg?q=70	KARBONN KX3	₹999	32 MB RAM | 32 MB ROM | Expandable Upto 32 GB4.57 cm (1.8 inch) Quarter QVGA Display0.3MP Rear Camera800 mAh Battery1 Year Brand Warranty
https://rukminim1.flixcart.com/image/312/312/ktx9si80/mobile/h/b/c/narzo-50i-rmx3231-realme-original-imag75hcyzzggbat.jpeg?q=70	realme Narzo 50i (Carbon Black, 64 GB)	₹8,110	4 GB RAM | 64 GB ROM | Expandable Upto 256 GB16.51 cm (6.5 inch) Display8MP Rear Camera | 5MP Front Camera5000 mAh BatterySC9863A Processor1 Year Warranty for Mobile and 6 Months for Accessories
https://rukminim1.flixcart.com/image/312/312/ku1k4280/mobile/v/a/z/f19s-cph2223-oppo-original-imag78zafzy3sjrt.jpeg?q=70	OPPO F19s (Glowing Black, 128 GB)	₹19,990	6 GB RAM | 128 GB ROM | Expandable Upto 256 GB16.33 cm (6.43 inch) Full HD+ Display48MP + 2MP + 2MP | 16MP Front Camera5000 mAh BatteryQualcomm Snapdragon 662 ProcessorBrand Warranty of 1 Year Available for Mobile Including Battery and 6 Months for Accessories
https://rukminim1.flixcart.com/image/312/312/xif0q/mobile/l/l/w/-original-imaghafu8wqnkyvc.jpeg?q=70	Realme C30 - Locked with Airtel Prepaid (Lake Blue, 32 GB)	₹7,399	3 GB RAM | 32 GB ROM | Expandable Upto 1 TB16.51 cm (6.5 inch) HD+ Display8MP Rear Camera | 5MP Front Camera5000 mAh Lithium Ion BatteryUnisoc T612 Processor1 Year Manufacturer Warranty for Phone and 6 Months Warranty for In-Box Accessories
https://rukminim1.flixcart.com/image/312/312/kzd147k0/mobile/m/c/f/-original-imagbe5qknarjywp.jpeg?q=70	vivo T1 5G (Rainbow Fantasy, 128 GB)	₹19,990	8 GB RAM | 128 GB ROM | Expandable Upto 1 TB16.71 cm (6.58 inch) Full HD+ Display50MP + 2MP + 2MP | 16MP Front Camera5000 mAh Lithium BatteryQualcomm Snapdragon 695 Processor1 Year Handset and 6 Months Accessories
https://rukminim1.flixcart.com/image/312/312/kzd147k0/mobile/d/1/b/-original-imagbe5qddy9xr6y.jpeg?q=70	vivo T1 5G (Starlight Black, 128 GB)	₹19,990	8 GB RAM | 128 GB ROM | Expandable Upto 1 TB16.71 cm (6.58 inch) Full HD+ Display50MP + 2MP + 2MP | 16MP Front Camera5000 mAh Lithium BatteryQualcomm Snapdragon 695 Processor1 Year Handset and 6 Months Accessories
https://rukminim1.flixcart.com/image/312/312/kxnl6kw0/mobile/x/f/b/-original-imagafv5tgnpkhxe.jpeg?q=70	Infinix Note 11 (Celestial Snow, 64 GB)	₹12,499	4 GB RAM | 64 GB ROM | Expandable Upto 512 GB17.02 cm (6.7 inch) Full HD+ AMOLED Display50 MP + 2 MP + AI Lens | 16MP Front Camera5000 mAh Li-ion Polymer BatteryMediatek Helio G88 Processor1 Year on Handset and 6 Months on Accessories
https://rukminim1.flixcart.com/image/312/312/krtjgcw0/mobile/g/g/m/smart-5a-x657c-infinix-original-imag5gnzyyzq668p.jpeg?q=70	Infinix Smart 5A (Quetzal Cyan, 32 GB)	₹7,199	2 GB RAM | 32 GB ROM | Expandable Upto 256 GB16.56 cm (6.52 inch) HD+ Display8MP + Depth Sensor | 8MP Front Camera5000 mAh Li-ion Polymer BatteryMediaTek Helio A20 Processor1 Year on Handset and 6 Months on Accessories
https://rukminim1.flixcart.com/image/312/312/krtjgcw0/mobile/v/k/3/smart-5a-x657c-infinix-original-imag5gnz8pz7nmkk.jpeg?q=70	Infinix Smart 5A (Midnight Black, 32 GB)	₹7,199	2 GB RAM | 32 GB ROM | Expandable Upto 256 GB16.56 cm (6.52 inch) HD+ Display8MP + Depth Sensor | 8MP Front Camera5000 mAh Li-ion Polymer BatteryMediaTek Helio A20 Processor1 Year on Handset and 6 Months on Accessories
https://rukminim1.flixcart.com/image/312/312/krtjgcw0/mobile/s/8/9/smart-5a-x657c-infinix-original-imag5gnzeygmt9fh.jpeg?q=70	Infinix Smart 5A (Ocean Wave, 32 GB)	₹7,199	2 GB RAM | 32 GB ROM | Expandable Upto 256 GB16.56 cm (6.52 inch) HD+ Display8MP + Depth Sensor | 8MP Front Camera5000 mAh Li-ion Polymer BatteryMediaTek Helio A20 Processor1 Year on Handset and 6 Months on Accessories
https://rukminim1.flixcart.com/image/312/312/kxc5nrk0/mobile/r/f/q/-original-imag9tfa8tmdfsvq.jpeg?q=70	LAVA A3 Power	₹1,299	0 GB ROM | Expandable Upto 32 GB4.5 cm (1.77 inch) Quarter QVGA Display0.3MP Rear Camera2575 mAh Li-ion Battery1 Year Manufacturer Replacement Guarantee for Phone and 6 Months Replacement for Accessories In the Box
https://rukminim1.flixcart.com/image/312/312/kv5kfww0/mobile/b/i/w/a3-power-lf3000-a3power-lava-original-imag84byxtd9yfx9.jpeg?q=70	LAVA A3 Power	₹1,275	32 MB RAM | 24 MB ROM | Expandable Upto 32 GB4.5 cm (1.77 inch) Quarter QVGA Display0.3MP Rear Camera2575 mAh Li-ion Battery1 Year Manufacturer Replacement Guarantee for Phone and 6 Months Replacement for Accessories In the Box
https://rukminim1.flixcart.com/image/312/312/xif0q/mobile/l/n/k/-original-imaghh2fdhsasbdh.jpeg?q=70	Infinix Note 12 Pro (Volcanic Grey, 256 GB)	₹14,999	8 GB RAM | 256 GB ROM | Expandable Upto 2 TB17.02 cm (6.7 inch) Full HD+ AMOLED Display108MP + 2MP Depth Lens + AI lens | 16MP Front Camera5000 mAh Lithium Ion Polymer BatteryMediatek Helio G99 Processor1 Year on Handset and 6 Months on Accessories
https://rukminim1.flixcart.com/image/312/312/l19m93k0/mobile/q/f/w/-original-imagcv2dgezfbfet.jpeg?q=70	POCO X4 Pro 5G (Laser Black, 128 GB)	₹16,499	6 GB RAM | 128 GB ROM | Expandable Upto 1 TB16.94 cm (6.67 inch) Full HD+ Super AMOLED Display64MP + 8MP + 2MP | 16MP Front Camera5000 mAh Lithium-ion Polymer BatteryQualcomm Snapdragon 695 5G ProcessorOne Year for Handset, 6 Months for Accessories
https://rukminim1.flixcart.com/image/312/312/kzx1a4w0/mobile/x/e/d/-original-imagbt2kpuahgefw.jpeg?q=70	LAVA Hero Punch	₹900	24 MB RAM | 32 MB ROM | Expandable Upto 32 GB4.57 cm (1.8 inch) Quarter QVGA Display0MP Front Camera620 mAh Li-ion Battery1 Year Manufacturer Replacement Guarantee for Phone and 6 Months Replacement for Accessories in the Box
https://rukminim1.flixcart.com/image/312/312/ktn9pjk0/mobile/r/t/m/x413-blue-x413-micromax-original-imag6xzak7k4gjrg.jpeg?q=70	Micromax X413	₹915	32 MB RAM | 32 MB ROM4.5 cm (1.77 inch) Display0.3MP Rear Camera800 mAh BatteryOne Year manufacturer Warranty
https://rukminim1.flixcart.com/image/312/312/l4fxh8w0/mobile/o/q/j/-original-imagfc55exgt8eey.jpeg?q=70	realme 9 5G (Supersonic Blue, 128 GB)	₹15,999	6 GB RAM | 128 GB ROM | Expandable Upto 1 TB16.51 cm (6.5 inch) Full HD+ Display48MP + 2MP + 2MP | 16MP Front Camera5000 mAh Lithium Polymer BatteryMediatek Dimensity 810 Processor1 Year Warranty for Phone and 6 Months Warranty for In-Box Accessories
https://rukminim1.flixcart.com/image/312/312/xif0q/mobile/8/a/y/-original-imaggbtszycsgjp5.jpeg?q=70	vivo T1X (Space Blue, 128 GB)	₹14,999	6 GB RAM | 128 GB ROM16.71 cm (6.58 inch) Full HD+ Display50MP + 2MP | 8MP Front Camera5000 mAh BatteryQualcomm Snapdragon 680 Processor1 Year on Handset and 6 Months on Accessories
https://rukminim1.flixcart.com/image/312/312/kzogn0w0/mobile/f/v/c/-original-imagbmf2hbxazyf3.jpeg?q=70	realme 9 Pro+ 5G (Midnight Black, 256 GB)	₹26,999	8 GB RAM | 256 GB ROM16.26 cm (6.4 inch) Full HD+ AMOLED Display50MP + 8MP + 2MP | 16MP Front Camera4500 mAh Li-ion BatteryMediatek Dimensity 920 Processor1 Year Warranty for Phone and 6 Months Warranty for In-Box Accessories
https://rukminim1.flixcart.com/image/312/312/kzogn0w0/mobile/f/v/c/-original-imagbmf2hbxazyf3.jpeg?q=70	realme 9 Pro+ 5G (Midnight Black, 128 GB)	₹24,999	8 GB RAM | 128 GB ROM16.26 cm (6.4 inch) Full HD+ AMOLED Display50MP + 8MP + 2MP | 16MP Front Camera4500 mAh Li-ion BatteryMediatek Dimensity 920 Processor1 Year Warranty for Phone and 6 Months Warranty for In-Box Accessories
https://rukminim1.flixcart.com/image/312/312/kzogn0w0/mobile/m/p/2/-original-imagbmf4qsurna5j.jpeg?q=70	realme 9 Pro+ 5G (Sunrise Blue, 128 GB)	₹22,999	6 GB RAM | 128 GB ROM16.26 cm (6.4 inch) Full HD+ AMOLED Display50MP + 8MP + 2MP | 16MP Front Camera4500 mAh Li-ion BatteryMediatek Dimensity 920 Processor1 Year Warranty for Phone and 6 Months Warranty for In-Box Accessories
https://rukminim1.flixcart.com/image/312/312/xif0q/mobile/b/q/s/-original-imaghbeqtgzsfzvc.jpeg?q=70	realme 9i 5G (Metallica Gold, 64 GB)	₹14,999	4 GB RAM | 64 GB ROM | Expandable Upto 1 TB16.76 cm (6.6 inch) Full HD+ Display50MP + 2MP + 2MP | 8MP Front Camera5000 mAh Lithium Ion BatteryMediatek Dimensity 810 5G Processor1 Year Manufacturer Warranty for Phone and 6 Months Warranty for In-Box Accessories
https://rukminim1.flixcart.com/image/312/312/xif0q/mobile/r/y/z/10a-sport-mzb01z89-redmi-original-imaggz2sq4b8hv4q.jpeg?q=70	REDMI 10A SPORT (SLATE GREY, 128 GB)	₹10,796	6 GB RAM | 128 GB ROM16.59 cm (6.53 inch) Display13MP Rear Camera5000 mAh Battery1 YEAR ON PHONE, 6 MONTHS ON ACCESSORIES
https://rukminim1.flixcart.com/image/312/312/xif0q/mobile/7/9/b/k401-k401-i-kall-original-imaggz5aszxrcgpw.jpeg?q=70	I Kall K401 (Green, 64 GB)	₹6,649	4 GB RAM | 64 GB ROM | Expandable Upto 64 GB15.9 cm (6.26 inch) Display16MP Rear Camera | 13MP Front Camera4000 mAh Battery1 year manufacturing warranty for mobile and 6 months for box accessories
https://rukminim1.flixcart.com/image/312/312/l0tweq80/mobile/w/r/t/-original-imagcgtgwg5taegn.jpeg?q=70	REDMI 10 (Pacific Blue, 64 GB)	₹10,999	4 GB RAM | 64 GB ROM | Expandable Upto 1 TB17.02 cm (6.7 inch) HD+ Display50MP + 2MP | 5MP Front Camera6000 mAh Lithium Polymer BatteryQualcomm Snapdragon 680 Processor1 Year Warranty for Phone and 6 Months Warranty for In-Box Accessories
https://rukminim1.flixcart.com/image/312/312/xif0q/mobile/r/m/k/-original-imaggmggc6rugmr8.jpeg?q=70	Infinix Smart 6 Plus (Tranquil Sea Blue, 64 GB)	₹7,499	3 GB RAM | 64 GB ROM | Expandable Upto 512 GB17.32 cm (6.82 inch) HD+ Display8 MP + Depth Lens | 5MP Front Camera5000 mAh Lithium-ion Polymer BatteryMediatek Helio G25 Processor1 Year on Handset and 6 Months on Accessories
https://rukminim1.flixcart.com/image/312/312/kzogn0w0/mobile/m/p/2/-original-imagbmf4qsurna5j.jpeg?q=70	realme 9 Pro+ 5G (Sunrise Blue, 256 GB)	₹26,999	8 GB RAM | 256 GB ROM16.26 cm (6.4 inch) Full HD+ AMOLED Display50MP + 8MP + 2MP | 16MP Front Camera4500 mAh Li-ion BatteryMediatek Dimensity 920 Processor1 Year Warranty for Phone and 6 Months Warranty for In-Box Accessories
https://rukminim1.flixcart.com/image/312/312/ku1k4280/mobile/j/x/v/f19s-cph2223-oppo-original-imag78zafhg3w69x.jpeg?q=70	OPPO F19s (Glowing Gold, 128 GB)	₹19,990	6 GB RAM | 128 GB ROM | Expandable Upto 256 GB16.33 cm (6.43 inch) Full HD+ Display48MP + 2MP + 2MP | 16MP Front Camera5000 mAh BatteryQualcomm Snapdragon 662 ProcessorBrand Warranty of 1 Year Available for Mobile Including Battery and 6 Months for Accessories
https://rukminim1.flixcart.com/image/312/312/ku5ufm80/mobile/s/i/q/sport-9a-redmi-original-imag7chxqqu7h5hs.jpeg?q=70	Redmi 9A Sport (Coral Green, 32 GB)	₹8,190	3 GB RAM | 32 GB ROM | Expandable Upto 512 GB16.59 cm (6.53 inch) HD+ Display13MP Rear Camera | 5MP Front Camera5000 mAh BatteryMediaTek Helio G25 Processor1 year manufacturer warranty for device and 6 months manufacturer warranty for in-box accessories including batteries from the date of purchase
https://rukminim1.flixcart.com/image/312/312/l2p23rk0/mobile/v/w/i/-original-imagdznhbgw63xhv.jpeg?q=70	vivo T1 44W (Ice Dawn, 128 GB)	₹17,999	8 GB RAM | 128 GB ROM | Expandable Upto 1 TB16.36 cm (6.44 inch) Full HD+ AMOLED Display50MP + 2MP + 2MP | 16MP Front Camera5000 mAh Lithium BatteryQualcomm Snapdragon 680 Processor1 Year Handset and 6 Months Accessories
https://rukminim1.flixcart.com/image/312/312/l2p23rk0/mobile/x/b/y/-original-imagdznhnzmzfbwx.jpeg?q=70	vivo T1 44W (Midnight Galaxy, 128 GB)	₹17,999	8 GB RAM | 128 GB ROM | Expandable Upto 1 TB16.36 cm (6.44 inch) Full HD+ AMOLED Display50MP + 2MP + 2MP | 16MP Front Camera5000 mAh Lithium BatteryQualcomm Snapdragon 680 Processor1 Year Handset and 6 Months Accessories
https://rukminim1.flixcart.com/image/312/312/l2p23rk0/mobile/s/4/3/-original-imagdznhcbdfwfud.jpeg?q=70	vivo T1 44W (Starry Sky, 128 GB)	₹17,999	8 GB RAM | 128 GB ROM | Expandable Upto 1 TB16.36 cm (6.44 inch) Full HD+ AMOLED Display50MP + 2MP + 2MP | 16MP Front Camera5000 mAh Lithium BatteryQualcomm Snapdragon 680 Processor1 Year Handset and 6 Months Accessories
https://rukminim1.flixcart.com/image/312/312/l0h1g280/mobile/g/f/k/-original-imagc9cqaegfn486.jpeg?q=70	REDMI Note 10 Pro (Vintage Bronze, 128 GB)	₹15,999	6 GB RAM | 128 GB ROM | Expandable Upto 512 GB16.94 cm (6.67 inch) Full HD+ Super AMOLED Display64MP + 8MP + 5MP + 2MP | 16MP Front Camera5020 mAh Li-Polymer BatteryQualcomm Snapdragon 732G Processor1 Year Manufacturer Warranty for Phone and 6 Months Warranty for In the Box Accessories
https://rukminim1.flixcart.com/image/312/312/l0igvww0/mobile/9/c/x/-original-imagcaawbw9ev8zf.jpeg?q=70	REDMI Note 10T 5G (Graphite Black, 64 GB)	₹12,999	4 GB RAM | 64 GB ROM16.66 cm (6.56 inch) Full HD+ Display48MP Primary Camera + 2MP Macro Lens + 2MP Depth Sensor | 8MP Front Camera5000 mAh Lithium Polymer BatteryMediatek Dimensity 700 ProcessorMax GPU Frequency: 950 MHz, Supports GAME Turbo 3.0, UFS2.2 Storage, Reading Mode 3.0, 360 Degree Ambient Light Sensors, Supports 18W Fast Charging1 Year Manufacturer Warranty for Phone and 6 Months Warranty for In the Box Accessories
https://rukminim1.flixcart.com/image/312/312/kzhbfrk0/mobile/k/d/j/note-11-2201117ti-redmi-original-imagbh8dmpjfzrjw.jpeg?q=70	Redmi Note 11 (Space Black, 64 GB)	₹13,490	4 GB RAM | 64 GB ROM | Expandable Upto 1 TB16.33 cm (6.43 inch) Full HD+ Display50MP + 8MP + 2MP + 2MP | 13MP Front Camera5000 mAh BatteryQualcomm SM6225 Snapdragon 680 Processor1 Year Manufacturer Warranty for Handset and 6 Months Warranty for In the Box Accessories
https://rukminim1.flixcart.com/image/312/312/kzfvzww0/mobile/h/s/h/note-11-2201117ti-redmi-original-imagbgaezsnhsmnf.jpeg?q=70	Redmi Note 11 (Horizon Blue, 64 GB)	₹13,329	4 GB RAM | 64 GB ROM | Expandable Upto 1 TB16.33 cm (6.43 inch) Full HD+ Display50MP + 8MP + 2MP + 2MP | 13MP Front Camera5000 mAh BatteryQualcomm SM6225 Snapdragon 680 Processor1 Year Manufacturer Warranty for Handset and 6 Months Warranty for In the Box Accessories
https://rukminim1.flixcart.com/image/312/312/ktn9pjk0/mobile/j/m/0/x413-black-x413-micromax-original-imag6xzahzqg9e8p.jpeg?q=70	Micromax X413	₹918	32 MB RAM | 32 MB ROM4.5 cm (1.77 inch) Display0.3MP Rear Camera800 mAh BatteryOne Year manufacturer Warranty
https://rukminim1.flixcart.com/image/312/312/l1l1rww0/mobile/x/z/n/-original-imagd48zxzyv2gfg.jpeg?q=70	MOTOROLA G51 5G (Bright Silver, 64 GB)	₹12,249	4 GB RAM | 64 GB ROM | Expandable Upto 1 TB17.27 cm (6.8 inch) Full HD+ Display50MP + 8MP + 2MP | 13MP Front Camera5000 mAh Lithium Polymer BatteryQualcomm Snapdragon 480 Pro Processor1 Year on Handset and 6 Months on Accessories
https://rukminim1.flixcart.com/image/312/312/k2jbyq80pkrrdj/mobile-refurbished/k/y/d/iphone-11-256-u-mwm82hn-a-apple-0-original-imafkg25mhaztxns.jpeg?q=70	APPLE iPhone 11 (White, 128 GB)	₹48,900	128 GB ROM15.49 cm (6.1 inch) Liquid Retina HD Display12MP + 12MP | 12MP Front CameraA13 Bionic Chip ProcessorBrand Warranty of 1 Year
https://rukminim1.flixcart.com/image/312/312/kn97te80/mobile/f/d/h/f19-pro-5g-cph2213-oppo-original-imagfz397gzbjxtb.jpeg?q=70	OPPO F19 Pro+ 5G (Space Silver, 128 GB)	₹17,990	8 GB RAM | 128 GB ROM | Expandable Upto 256 GB16.33 cm (6.43 inch) Full HD+ Display48MP + 8MP + 2MP + 2MP | 16MP Front Camera4310 mAh Lithium-ion Polymer BatteryMediaTek Dimensity 800U ProcessorBrand Warranty of 1 Year Available for Mobile Including Battery and 6 Months for Accessories
https://rukminim1.flixcart.com/image/312/312/l0igvww0/mobile/y/j/4/-original-imagcaaw4d7bv7pj.jpeg?q=70	REDMI Note 10T 5G (Metallic Blue, 64 GB)	₹12,999	4 GB RAM | 64 GB ROM16.66 cm (6.56 inch) Full HD+ Display48MP Primary Camera + 2MP Macro Lens + 2MP Depth Sensor | 8MP Front Camera5000 mAh Lithium Polymer BatteryMediatek Dimensity 700 ProcessorMax GPU Frequency: 950 MHz, Supports GAME Turbo 3.0, UFS2.2 Storage, Reading Mode 3.0, 360 Degree Ambient Light Sensors, Supports 18W Fast Charging1 Year Manufacturer Warranty for Phone and 6 Months Warranty for In the Box Accessories
https://rukminim1.flixcart.com/image/312/312/l0fm07k0/mobile/1/k/g/-original-imagc7ukmgugpdfy.jpeg?q=70	realme C35 (Glowing Black, 128 GB)	₹12,999	4 GB RAM | 128 GB ROM | Expandable Upto 1 TB16.76 cm (6.6 inch) Full HD+ Display50MP + 2MP + 0.3MP | 8MP Front Camera5000 mAh Lithium Polymer BatteryUnisoc Tiger T616 Processor1 Year Warranty for Phone and 6 Months Warranty for In-Box Accessories
https://rukminim1.flixcart.com/image/312/312/l0fm07k0/mobile/y/g/i/-original-imagc7ryyhrrcgxh.jpeg?q=70	realme C35 (Glowing Green, 64 GB)	₹11,999	4 GB RAM | 64 GB ROM | Expandable Upto 1 TB16.76 cm (6.6 inch) Full HD+ Display50MP + 2MP + 0.3MP | 8MP Front Camera5000 mAh Lithium Polymer BatteryUnisoc Tiger T616 Processor1 Year Warranty for Phone and 6 Months Warranty for In-Box Accessories
https://rukminim1.flixcart.com/image/312/312/l1ch4sw0/mobile/a/d/x/-original-imagcx87wrb7fcse.jpeg?q=70	Infinix Hot 11 2022 (Sunset Gold, 64 GB)	₹8,999	4 GB RAM | 64 GB ROM | Expandable Upto 1 TB17.02 cm (6.7 inch) Full HD+ Display13 MP + 2 MP Depth Lens | 8MP Front Camera5000 mAh Li-ion Polymer BatteryUniSoc T610 Processor1 Year on Handset and 6 Months on Accessories
https://rukminim1.flixcart.com/image/312/312/l0igvww0/mobile/j/d/g/-original-imagcafg6hbeeqwf.jpeg?q=70	POCO M4 Pro 5G (Cool Blue, 128 GB)	₹14,999	6 GB RAM | 128 GB ROM | Expandable Upto 1 TB16.76 cm (6.6 inch) Full HD+ Display50MP + 8MP | 16MP Front Camera5000 mAh Lithium-ion Polymer BatteryMediatek Dimensity 810 ProcessorOne Year for Handset, 6 Months for Accessories
https://rukminim1.flixcart.com/image/312/312/l19m93k0/mobile/v/c/i/-original-imagcv2dpkd75r6z.jpeg?q=70	POCO X4 Pro 5G (Yellow, 128 GB)	₹16,499	6 GB RAM | 128 GB ROM | Expandable Upto 1 TB16.94 cm (6.67 inch) Full HD+ Super AMOLED Display64MP + 8MP + 2MP | 16MP Front Camera5000 mAh Lithium-ion Polymer BatteryQualcomm Snapdragon 695 5G ProcessorOne Year for Handset, 6 Months for Accessories
https://rukminim1.flixcart.com/image/312/312/kzx1a4w0/mobile/8/6/4/-original-imagbt2kgfdjhpzz.jpeg?q=70	LAVA Hero Punch	₹900	24 MB RAM | 32 MB ROM | Expandable Upto 32 GB4.57 cm (1.8 inch) Quarter QVGA Display0MP Front Camera620 mAh Li-ion Battery1 Year Manufacturer Replacement Guarantee for Phone and 6 Months Replacement for Accessories in the Box
https://rukminim1.flixcart.com/image/312/312/xif0q/mobile/7/9/b/k401-k401-i-kall-original-imaggz5aszxrcgpw.jpeg?q=70	I Kall K401 (Green, 64 GB)	₹6,649	4 GB RAM | 64 GB ROM | Expandable Upto 64 GB15.9 cm (6.26 inch) Display16MP Rear Camera | 13MP Front Camera4000 mAh Battery1 year manufacturing warranty for mobile and 6 months for box accessories
https://rukminim1.flixcart.com/image/312/312/xif0q/mobile/e/q/m/-original-imaggsay4k2pmbpy.jpeg?q=70	Infinix Hot 12 Pro (Lightsaber Green, 64 GB)	₹9,499	6 GB RAM | 64 GB ROM | Expandable Upto 256 GB16.76 cm (6.6 inch) HD+ Display50 MP + Depth Lens | 8MP Front Camera5000 mAh Lithium-ion Polymer BatteryUnisoc T616 Processor1 Year on Handset and 6 Months on Accessories
https://rukminim1.flixcart.com/image/312/312/k4yhtow0/mobile/m/7/z/micromax-x749-x749-original-imafnr3bnfcwkakb.jpeg?q=70	Micromax X749	₹999	32 MB RAM | 32 MB ROM6.1 cm (2.4 inch) Display0.3MP Rear Camera1750 mAh Battery1 Year Product and 6 Month Accessories
https://rukminim1.flixcart.com/image/312/312/l29c9e80/mobile/4/f/z/-original-imagdnefpypk9cgx.jpeg?q=70	MOTOROLA g52 (Metallic White, 128 GB)	₹14,999	6 GB RAM | 128 GB ROM16.76 cm (6.6 inch) Full HD+ Display50MP + 8MP + 2MP | 16MP Front Camera5000 mAh Lithium BatteryQualcomm Snapdragon 680 Processor1 Year on Handset and 6 Months on Accessories
https://rukminim1.flixcart.com/image/312/312/ktn9pjk0/mobile/j/1/w/hot-11-x662-64-4-infinix-original-imag6xprhpuqsbhe.jpeg?q=70	Infinix Hot 11 (Silver Wave, 64 GB)	₹9,999	4 GB RAM | 64 GB ROM | Expandable Upto 256 GB16.76 cm (6.6 inch) Full HD+ Display13MP + Depth Lens | 8MP Front Camera5200 mAh Li-ion Polymer BatteryMediaTek Helio G70 Processor1 Year on Handset and 6 Months on Accessories
https://rukminim1.flixcart.com/image/312/312/l0igvww0/mobile/6/8/o/-original-imagcafj5zcxz9wg.jpeg?q=70	POCO M4 Pro 5G (Power Black, 64 GB)	₹12,999	4 GB RAM | 64 GB ROM | Expandable Upto 1 TB16.76 cm (6.6 inch) Full HD+ Display50MP + 8MP | 16MP Front Camera5000 mAh Lithium-ion Polymer BatteryMediatek Dimensity 810 ProcessorOne Year for Handset, 6 Months for Accessories
https://rukminim1.flixcart.com/image/312/312/kq18n0w0/mobile/d/l/f/narzo-30-5g-rmx3242-realme-original-imag45yjdkgxddvh.jpeg?q=70	realme Narzo 30 5G (Racing Blue, 128 GB)	₹16,999	6 GB RAM | 128 GB ROM | Expandable Upto 1 TB16.51 cm (6.5 inch) Full HD+ Display48MP + 2MP + 2MP | 16MP Front Camera5000 mAh BatteryMediaTek Dimensity 700 (MT6833) Processor1 Year Warranty for Mobile and 6 Months for Accessories
https://rukminim1.flixcart.com/image/312/312/jh6l2fk0/mobile/x/6/g/samsung-guru-1200-gt-e1200zdyins-original-imaf59chuhfyz7rv.jpeg?q=70	SAMSUNG GT-E1215ZDAINS	₹1,299	NA ROM3.81 cm (1.5 inch) NA Display800 mAh Battery1 Year for Mobile & 6 Months for Accessories
https://rukminim1.flixcart.com/image/312/312/ktbu6q80/mobile/q/g/q/8i-rmx3151-realme-original-imag6zhnbsuhcqny.jpeg?q=70	realme 8i (Space Purple, 64 GB)	₹13,999	4 GB RAM | 64 GB ROM | Expandable Upto 256 GB16.76 cm (6.6 inch) Full HD+ Display50MP + 2MP + 2MP | 16MP Front Camera5000 mAh BatteryMediaTek Helio G96 Processor1 Year Warranty for Mobile and 6 Months for Accessories
https://rukminim1.flixcart.com/image/312/312/l4n2oi80/mobile/x/o/a/-original-imagfhu75eupxyft.jpeg?q=70	SAMSUNG Galaxy F13 (Waterfall Blue, 64 GB)	₹11,999	4 GB RAM | 64 GB ROM | Expandable Upto 1 TB16.76 cm (6.6 inch) Full HD+ Display50MP + 5MP + 2MP | 8MP Front Camera6000 mAh Lithium Ion BatteryExynos 850 Processor1 Year Warranty Provided By the Manufacturer from Date of Purchase
https://rukminim1.flixcart.com/image/312/312/kxw5tow0/mobile/s/a/c/g5605-g5605-good-one-original-imaga8rpj3agwejk.jpeg?q=70	Good One G5605	₹899	32 MB RAM | 32 MB ROM | Expandable Upto 32 GB4.57 cm (1.8 inch) Display2MP Rear Camera2500 mAh Battery12 Months Warranty
https://rukminim1.flixcart.com/image/312/312/kr6oeq80/mobile/p/f/f/guru-music-2-sm-b310ezddins-samsung-original-imafchdspbgbvuth.jpeg?q=70	SAMSUNG Guru Music 2	₹2,349	NA ROM5.08 cm (2 inch) NA Display800 mAh Battery1 Year Manufacturer Warranty
https://rukminim1.flixcart.com/image/312/312/l29c9e80/mobile/l/g/m/-original-imagdnefhnhztahe.jpeg?q=70	MOTOROLA g52 (Charcoal Grey, 128 GB)	₹14,999	6 GB RAM | 128 GB ROM16.76 cm (6.6 inch) Full HD+ Display50MP + 8MP + 2MP | 16MP Front Camera5000 mAh Lithium BatteryQualcomm Snapdragon 680 Processor1 Year on Handset and 6 Months on Accessories
https://rukminim1.flixcart.com/image/312/312/kx3l0nk0/mobile/k/p/p/-original-imag9hzqdkyeh5fh.jpeg?q=70	Infinix Note 11s (Mithril Grey, 64 GB)	₹16,999	6 GB RAM | 64 GB ROM | Expandable Upto 512 GB17.65 cm (6.95 inch) Full HD+ Display50 MP + 2 MP Depth Lens + 2 MP Macro Lens | 16MP Front Camera5000 mAh Li-ion Polymer BatteryMediaTek Helio G96 Processor1 Year on Handset and 6 Months on Accessories
https://rukminim1.flixcart.com/image/312/312/kx3l0nk0/mobile/h/v/w/-original-imag9hzqy8hd9yw3.jpeg?q=70	Infinix Note 11s (Haze Green, 64 GB)	₹13,999	6 GB RAM | 64 GB ROM | Expandable Upto 512 GB17.65 cm (6.95 inch) Full HD+ Display50 MP + 2 MP Depth Lens + 2 MP Macro Lens | 16MP Front Camera5000 mAh Li-ion Polymer BatteryMediaTek Helio G96 Processor1 Year on Handset and 6 Months on Accessories
https://rukminim1.flixcart.com/image/312/312/ky90scw0/mobile/e/l/p/-original-imagaghy9ggy2fps.jpeg?q=70	Infinix Note 11s (Symphony Cyan, 64 GB)	₹13,999	6 GB RAM | 64 GB ROM | Expandable Upto 512 GB17.65 cm (6.95 inch) Full HD+ Display50 MP + 2 MP Depth Lens + 2 MP Macro Lens | 16MP Front Camera5000 mAh Li-ion Polymer BatteryMediatek Helio G96 Processor1 Year on Handset and 6 Months on Accessories
https://rukminim1.flixcart.com/image/312/312/l19m93k0/mobile/q/f/w/-original-imagcv2dgezfbfet.jpeg?q=70	POCO X4 Pro 5G (Laser Black, 128 GB)	₹18,499	8 GB RAM | 128 GB ROM | Expandable Upto 1 TB16.94 cm (6.67 inch) Full HD+ Super AMOLED Display64MP + 8MP + 2MP | 16MP Front Camera5000 mAh Lithium-ion Polymer BatteryQualcomm Snapdragon 695 5G ProcessorOne Year for Handset, 6 Months for Accessories
https://rukminim1.flixcart.com/image/312/312/xif0q/mobile/o/b/a/-original-imaghbequzj25wy2.jpeg?q=70	realme 9i 5G (Rocking Black, 64 GB)	₹14,999	4 GB RAM | 64 GB ROM | Expandable Upto 1 TB16.76 cm (6.6 inch) Full HD+ Display50MP + 2MP + 2MP | 8MP Front Camera5000 mAh Lithium Ion BatteryMediatek Dimensity 810 5G Processor1 Year Manufacturer Warranty for Phone and 6 Months Warranty for In-Box Accessories
https://rukminim1.flixcart.com/image/312/312/l0igvww0/mobile/j/d/g/-original-imagcafg6hbeeqwf.jpeg?q=70	POCO M4 Pro 5G (Cool Blue, 64 GB)	₹12,999	4 GB RAM | 64 GB ROM | Expandable Upto 1 TB16.76 cm (6.6 inch) Full HD+ Display50MP + 8MP | 16MP Front Camera5000 mAh Lithium-ion Polymer BatteryMediatek Dimensity 810 ProcessorOne Year for Handset, 6 Months for Accessories
https://rukminim1.flixcart.com/image/312/312/kpmy8i80/mobile/q/z/z/m3-pro-5g-mzb0952in-poco-original-imag3th6btkchjn2.jpeg?q=70	POCO M3 Pro 5G (Power Black, 128 GB)	₹16,499	6 GB RAM | 128 GB ROM | Expandable Upto 1 TB16.51 cm (6.5 inch) Full HD+ Display48MP + 2MP + 2MP | 8MP Front Camera5000 mAh Lithium-ion Polymer BatteryMediaTek Dimensity 700 ProcessorMultiple Hands-free Voice AssistantOne Year Warranty for Handset, 6 Months for Accessories
https://rukminim1.flixcart.com/image/312/312/l0igvww0/mobile/o/q/q/-original-imagcaaw5zg6amp5.jpeg?q=70	REDMI Note 10T 5G (Chromium White, 64 GB)	₹12,999	4 GB RAM | 64 GB ROM16.66 cm (6.56 inch) Full HD+ Display48MP Primary Camera + 2MP Macro Lens + 2MP Depth Sensor | 8MP Front Camera5000 mAh Lithium Polymer BatteryMediatek Dimensity 700 ProcessorMax GPU Frequency: 950 MHz, Supports GAME Turbo 3.0, UFS2.2 Storage, Reading Mode 3.0, 360 Degree Ambient Light Sensors, Supports 18W Fast Charging1 Year Manufacturer Warranty for Phone and 6 Months Warranty for In the Box Accessories
